date,station_name,rain_probability
08-10-2024,ADELAIDE (KENT TOWN),0.283628032
09-10-2024,ADELAIDE (KENT TOWN),0.123836212
10-10-2024,ADELAIDE (KENT TOWN),0.168098164
11-10-2024,ADELAIDE (KENT TOWN),0.228773836
12-10-2024,ADELAIDE (KENT TOWN),0.253260029
13-10-2024,ADELAIDE (KENT TOWN),0.267000351
14-10-2024,ADELAIDE (KENT TOWN),0.150078573
15-10-2024,ADELAIDE (KENT TOWN),0.141060391
16-10-2024,ADELAIDE (KENT TOWN),0.142871841
17-10-2024,ADELAIDE (KENT TOWN),0.221140585
18-10-2024,ADELAIDE (KENT TOWN),0.121044303
19-10-2024,ADELAIDE (KENT TOWN),0.126018551
20-10-2024,ADELAIDE (KENT TOWN),0.157690961
21-10-2024,ADELAIDE (KENT TOWN),0.126287313
22-10-2024,ADELAIDE (KENT TOWN),0.131351108
23-10-2024,ADELAIDE (KENT TOWN),0.123321838
24-10-2024,ADELAIDE (KENT TOWN),0.152644939
25-10-2024,ADELAIDE (KENT TOWN),0.144845324
26-10-2024,ADELAIDE (KENT TOWN),0.128871073
27-10-2024,ADELAIDE (KENT TOWN),0.11134247
28-10-2024,ADELAIDE (KENT TOWN),0.153845631
29-10-2024,ADELAIDE (KENT TOWN),0.144498229
30-10-2024,ADELAIDE (KENT TOWN),0.118688061
31-10-2024,ADELAIDE (KENT TOWN),0.138524664
01-11-2024,ADELAIDE (KENT TOWN),0.223459722
02-11-2024,ADELAIDE (KENT TOWN),0.173451859
03-11-2024,ADELAIDE (KENT TOWN),0.186424527
04-11-2024,ADELAIDE (KENT TOWN),0.164208853
05-11-2024,ADELAIDE (KENT TOWN),0.083849183
06-11-2024,ADELAIDE (KENT TOWN),0.081496199
08-10-2024,ADELAIDE (WEST TERRACE _ NGAYIRDAPIRA),0.206518512
09-10-2024,ADELAIDE (WEST TERRACE _ NGAYIRDAPIRA),0.128203231
10-10-2024,ADELAIDE (WEST TERRACE _ NGAYIRDAPIRA),0.177324269
11-10-2024,ADELAIDE (WEST TERRACE _ NGAYIRDAPIRA),0.245779726
12-10-2024,ADELAIDE (WEST TERRACE _ NGAYIRDAPIRA),0.269685272
13-10-2024,ADELAIDE (WEST TERRACE _ NGAYIRDAPIRA),0.299267534
14-10-2024,ADELAIDE (WEST TERRACE _ NGAYIRDAPIRA),0.159150968
15-10-2024,ADELAIDE (WEST TERRACE _ NGAYIRDAPIRA),0.153461875
16-10-2024,ADELAIDE (WEST TERRACE _ NGAYIRDAPIRA),0.142241289
17-10-2024,ADELAIDE (WEST TERRACE _ NGAYIRDAPIRA),0.221140585
18-10-2024,ADELAIDE (WEST TERRACE _ NGAYIRDAPIRA),0.124272052
19-10-2024,ADELAIDE (WEST TERRACE _ NGAYIRDAPIRA),0.126586237
20-10-2024,ADELAIDE (WEST TERRACE _ NGAYIRDAPIRA),0.156900904
21-10-2024,ADELAIDE (WEST TERRACE _ NGAYIRDAPIRA),0.137445383
22-10-2024,ADELAIDE (WEST TERRACE _ NGAYIRDAPIRA),0.136007758
23-10-2024,ADELAIDE (WEST TERRACE _ NGAYIRDAPIRA),0.124969231
24-10-2024,ADELAIDE (WEST TERRACE _ NGAYIRDAPIRA),0.162085406
25-10-2024,ADELAIDE (WEST TERRACE _ NGAYIRDAPIRA),0.12983682
26-10-2024,ADELAIDE (WEST TERRACE _ NGAYIRDAPIRA),0.125299644
27-10-2024,ADELAIDE (WEST TERRACE _ NGAYIRDAPIRA),0.107771041
28-10-2024,ADELAIDE (WEST TERRACE _ NGAYIRDAPIRA),0.163446909
29-10-2024,ADELAIDE (WEST TERRACE _ NGAYIRDAPIRA),0.163459224
30-10-2024,ADELAIDE (WEST TERRACE _ NGAYIRDAPIRA),0.130977722
31-10-2024,ADELAIDE (WEST TERRACE _ NGAYIRDAPIRA),0.140814325
01-11-2024,ADELAIDE (WEST TERRACE _ NGAYIRDAPIRA),0.223133128
02-11-2024,ADELAIDE (WEST TERRACE _ NGAYIRDAPIRA),0.177511876
03-11-2024,ADELAIDE (WEST TERRACE _ NGAYIRDAPIRA),0.184877732
04-11-2024,ADELAIDE (WEST TERRACE _ NGAYIRDAPIRA),0.164208853
05-11-2024,ADELAIDE (WEST TERRACE _ NGAYIRDAPIRA),0.083849183
06-11-2024,ADELAIDE (WEST TERRACE _ NGAYIRDAPIRA),0.081496199
08-10-2024,ADELAIDE AIRPORT,0.182570201
09-10-2024,ADELAIDE AIRPORT,0.133449853
10-10-2024,ADELAIDE AIRPORT,0.194208666
11-10-2024,ADELAIDE AIRPORT,0.261170252
12-10-2024,ADELAIDE AIRPORT,0.292506313
13-10-2024,ADELAIDE AIRPORT,0.305097989
14-10-2024,ADELAIDE AIRPORT,0.165762923
15-10-2024,ADELAIDE AIRPORT,0.152676075
16-10-2024,ADELAIDE AIRPORT,0.15444683
17-10-2024,ADELAIDE AIRPORT,0.230694891
18-10-2024,ADELAIDE AIRPORT,0.129317525
19-10-2024,ADELAIDE AIRPORT,0.130219502
20-10-2024,ADELAIDE AIRPORT,0.168355125
21-10-2024,ADELAIDE AIRPORT,0.150451808
22-10-2024,ADELAIDE AIRPORT,0.147912225
23-10-2024,ADELAIDE AIRPORT,0.150180156
24-10-2024,ADELAIDE AIRPORT,0.179651661
25-10-2024,ADELAIDE AIRPORT,0.135552792
26-10-2024,ADELAIDE AIRPORT,0.129096879
27-10-2024,ADELAIDE AIRPORT,0.112611439
28-10-2024,ADELAIDE AIRPORT,0.180164801
29-10-2024,ADELAIDE AIRPORT,0.179244269
30-10-2024,ADELAIDE AIRPORT,0.1528917
31-10-2024,ADELAIDE AIRPORT,0.153766952
01-11-2024,ADELAIDE AIRPORT,0.242939868
02-11-2024,ADELAIDE AIRPORT,0.196575121
03-11-2024,ADELAIDE AIRPORT,0.195130468
04-11-2024,ADELAIDE AIRPORT,0.223200586
05-11-2024,ADELAIDE AIRPORT,0.088575654
06-11-2024,ADELAIDE AIRPORT,0.085825106
08-10-2024,ALICE SPRINGS AIRPORT,0.18183225
09-10-2024,ALICE SPRINGS AIRPORT,0.128962946
10-10-2024,ALICE SPRINGS AIRPORT,0.196445443
11-10-2024,ALICE SPRINGS AIRPORT,0.248438444
12-10-2024,ALICE SPRINGS AIRPORT,0.292506313
13-10-2024,ALICE SPRINGS AIRPORT,0.305097989
14-10-2024,ALICE SPRINGS AIRPORT,0.165762923
15-10-2024,ALICE SPRINGS AIRPORT,0.151938123
16-10-2024,ALICE SPRINGS AIRPORT,0.134913347
17-10-2024,ALICE SPRINGS AIRPORT,0.22798891
18-10-2024,ALICE SPRINGS AIRPORT,0.118837315
19-10-2024,ALICE SPRINGS AIRPORT,0.130219502
20-10-2024,ALICE SPRINGS AIRPORT,0.162698113
21-10-2024,ALICE SPRINGS AIRPORT,0.137680547
22-10-2024,ALICE SPRINGS AIRPORT,0.134218721
23-10-2024,ALICE SPRINGS AIRPORT,0.150180156
24-10-2024,ALICE SPRINGS AIRPORT,0.179651661
25-10-2024,ALICE SPRINGS AIRPORT,0.138606205
26-10-2024,ALICE SPRINGS AIRPORT,0.129845727
27-10-2024,ALICE SPRINGS AIRPORT,0.107109461
28-10-2024,ALICE SPRINGS AIRPORT,0.167608402
29-10-2024,ALICE SPRINGS AIRPORT,0.16769831
30-10-2024,ALICE SPRINGS AIRPORT,0.1528917
31-10-2024,ALICE SPRINGS AIRPORT,0.159012323
01-11-2024,ALICE SPRINGS AIRPORT,0.249485717
02-11-2024,ALICE SPRINGS AIRPORT,0.19665535
03-11-2024,ALICE SPRINGS AIRPORT,0.195130468
04-11-2024,ALICE SPRINGS AIRPORT,0.204323984
05-11-2024,ALICE SPRINGS AIRPORT,0.082245865
06-11-2024,ALICE SPRINGS AIRPORT,0.080322552
08-10-2024,CAPE BORDA,0.452263105
09-10-2024,CAPE BORDA,0.23250684
10-10-2024,CAPE BORDA,0.393507922
11-10-2024,CAPE BORDA,0.490184897
12-10-2024,CAPE BORDA,0.49472976
13-10-2024,CAPE BORDA,0.481373275
14-10-2024,CAPE BORDA,0.313324645
15-10-2024,CAPE BORDA,0.345579123
16-10-2024,CAPE BORDA,0.335400616
17-10-2024,CAPE BORDA,0.371499429
18-10-2024,CAPE BORDA,0.311226637
19-10-2024,CAPE BORDA,0.315506766
20-10-2024,CAPE BORDA,0.391255401
21-10-2024,CAPE BORDA,0.326012678
22-10-2024,CAPE BORDA,0.319055293
23-10-2024,CAPE BORDA,0.312497601
24-10-2024,CAPE BORDA,0.460577278
25-10-2024,CAPE BORDA,0.463792937
26-10-2024,CAPE BORDA,0.470516977
27-10-2024,CAPE BORDA,0.427730645
28-10-2024,CAPE BORDA,0.456838759
29-10-2024,CAPE BORDA,0.458115085
30-10-2024,CAPE BORDA,0.464737665
31-10-2024,CAPE BORDA,0.468483884
01-11-2024,CAPE BORDA,0.315561393
02-11-2024,CAPE BORDA,0.38720408
03-11-2024,CAPE BORDA,0.290200154
04-11-2024,CAPE BORDA,0.26905203
05-11-2024,CAPE BORDA,0.115074023
06-11-2024,CAPE BORDA,0.109960395
08-10-2024,CAPE JAFFA (THE LIMESTONE),0.376887919
09-10-2024,CAPE JAFFA (THE LIMESTONE),0.175032122
10-10-2024,CAPE JAFFA (THE LIMESTONE),0.371162756
11-10-2024,CAPE JAFFA (THE LIMESTONE),0.450835306
12-10-2024,CAPE JAFFA (THE LIMESTONE),0.470575762
13-10-2024,CAPE JAFFA (THE LIMESTONE),0.464923821
14-10-2024,CAPE JAFFA (THE LIMESTONE),0.306017806
15-10-2024,CAPE JAFFA (THE LIMESTONE),0.308291037
16-10-2024,CAPE JAFFA (THE LIMESTONE),0.298350625
17-10-2024,CAPE JAFFA (THE LIMESTONE),0.315501435
18-10-2024,CAPE JAFFA (THE LIMESTONE),0.28747206
19-10-2024,CAPE JAFFA (THE LIMESTONE),0.311433631
20-10-2024,CAPE JAFFA (THE LIMESTONE),0.388413003
21-10-2024,CAPE JAFFA (THE LIMESTONE),0.322818829
22-10-2024,CAPE JAFFA (THE LIMESTONE),0.302659726
23-10-2024,CAPE JAFFA (THE LIMESTONE),0.290988743
24-10-2024,CAPE JAFFA (THE LIMESTONE),0.452685665
25-10-2024,CAPE JAFFA (THE LIMESTONE),0.465992545
26-10-2024,CAPE JAFFA (THE LIMESTONE),0.452543975
27-10-2024,CAPE JAFFA (THE LIMESTONE),0.388682717
28-10-2024,CAPE JAFFA (THE LIMESTONE),0.446704405
29-10-2024,CAPE JAFFA (THE LIMESTONE),0.447987207
30-10-2024,CAPE JAFFA (THE LIMESTONE),0.445029661
31-10-2024,CAPE JAFFA (THE LIMESTONE),0.465460989
01-11-2024,CAPE JAFFA (THE LIMESTONE),0.310783285
02-11-2024,CAPE JAFFA (THE LIMESTONE),0.338404874
03-11-2024,CAPE JAFFA (THE LIMESTONE),0.274030581
04-11-2024,CAPE JAFFA (THE LIMESTONE),0.25617032
05-11-2024,CAPE JAFFA (THE LIMESTONE),0.110239186
06-11-2024,CAPE JAFFA (THE LIMESTONE),0.108839341
08-10-2024,CAPE WILLOUGHBY,0.452263105
09-10-2024,CAPE WILLOUGHBY,0.244935552
10-10-2024,CAPE WILLOUGHBY,0.414803683
11-10-2024,CAPE WILLOUGHBY,0.486617151
12-10-2024,CAPE WILLOUGHBY,0.48145199
13-10-2024,CAPE WILLOUGHBY,0.490667165
14-10-2024,CAPE WILLOUGHBY,0.346821096
15-10-2024,CAPE WILLOUGHBY,0.337525984
16-10-2024,CAPE WILLOUGHBY,0.337180746
17-10-2024,CAPE WILLOUGHBY,0.374270378
18-10-2024,CAPE WILLOUGHBY,0.316985473
19-10-2024,CAPE WILLOUGHBY,0.335542776
20-10-2024,CAPE WILLOUGHBY,0.38385446
21-10-2024,CAPE WILLOUGHBY,0.230642932
22-10-2024,CAPE WILLOUGHBY,0.331595499
23-10-2024,CAPE WILLOUGHBY,0.321775141
24-10-2024,CAPE WILLOUGHBY,0.468918861
25-10-2024,CAPE WILLOUGHBY,0.477990478
26-10-2024,CAPE WILLOUGHBY,0.494956734
27-10-2024,CAPE WILLOUGHBY,0.431228814
28-10-2024,CAPE WILLOUGHBY,0.450536579
29-10-2024,CAPE WILLOUGHBY,0.456447615
30-10-2024,CAPE WILLOUGHBY,0.470883048
31-10-2024,CAPE WILLOUGHBY,0.488585294
01-11-2024,CAPE WILLOUGHBY,0.347193007
02-11-2024,CAPE WILLOUGHBY,0.382008811
03-11-2024,CAPE WILLOUGHBY,0.326689476
04-11-2024,CAPE WILLOUGHBY,0.30464852
05-11-2024,CAPE WILLOUGHBY,0.150851757
06-11-2024,CAPE WILLOUGHBY,0.121630074
08-10-2024,CEDUNA (THEVENARD NTC),0.118254923
09-10-2024,CEDUNA (THEVENARD NTC),0.122283467
10-10-2024,CEDUNA (THEVENARD NTC),0.123642017
11-10-2024,CEDUNA (THEVENARD NTC),0.163214343
12-10-2024,CEDUNA (THEVENARD NTC),0.218345988
13-10-2024,CEDUNA (THEVENARD NTC),0.195214402
14-10-2024,CEDUNA (THEVENARD NTC),0.145036854
15-10-2024,CEDUNA (THEVENARD NTC),0.146989476
16-10-2024,CEDUNA (THEVENARD NTC),0.133050835
17-10-2024,CEDUNA (THEVENARD NTC),0.12019749
18-10-2024,CEDUNA (THEVENARD NTC),0.099003148
19-10-2024,CEDUNA (THEVENARD NTC),0.098955171
20-10-2024,CEDUNA (THEVENARD NTC),0.14146309
21-10-2024,CEDUNA (THEVENARD NTC),0.130634505
22-10-2024,CEDUNA (THEVENARD NTC),0.124116686
23-10-2024,CEDUNA (THEVENARD NTC),0.120603835
24-10-2024,CEDUNA (THEVENARD NTC),0.13444487
25-10-2024,CEDUNA (THEVENARD NTC),0.111173008
26-10-2024,CEDUNA (THEVENARD NTC),0.104848457
27-10-2024,CEDUNA (THEVENARD NTC),0.088069311
28-10-2024,CEDUNA (THEVENARD NTC),0.145210172
29-10-2024,CEDUNA (THEVENARD NTC),0.143237517
30-10-2024,CEDUNA (THEVENARD NTC),0.122192311
31-10-2024,CEDUNA (THEVENARD NTC),0.126882576
01-11-2024,CEDUNA (THEVENARD NTC),0.192580438
02-11-2024,CEDUNA (THEVENARD NTC),0.191009112
03-11-2024,CEDUNA (THEVENARD NTC),0.179988453
04-11-2024,CEDUNA (THEVENARD NTC),0.159169547
05-11-2024,CEDUNA (THEVENARD NTC),0.075052839
06-11-2024,CEDUNA (THEVENARD NTC),0.074242992
08-10-2024,CEDUNA AMO,0.11693441
09-10-2024,CEDUNA AMO,0.096933573
10-10-2024,CEDUNA AMO,0.112322405
11-10-2024,CEDUNA AMO,0.158163352
12-10-2024,CEDUNA AMO,0.222336682
13-10-2024,CEDUNA AMO,0.233622127
14-10-2024,CEDUNA AMO,0.136818945
15-10-2024,CEDUNA AMO,0.138771566
16-10-2024,CEDUNA AMO,0.107701843
17-10-2024,CEDUNA AMO,0.123710201
18-10-2024,CEDUNA AMO,0.10179775
19-10-2024,CEDUNA AMO,0.09085858
20-10-2024,CEDUNA AMO,0.119366801
21-10-2024,CEDUNA AMO,0.111757594
22-10-2024,CEDUNA AMO,0.111334105
23-10-2024,CEDUNA AMO,0.102193068
24-10-2024,CEDUNA AMO,0.122383928
25-10-2024,CEDUNA AMO,0.11438868
26-10-2024,CEDUNA AMO,0.089609209
27-10-2024,CEDUNA AMO,0.07510392
28-10-2024,CEDUNA AMO,0.128857519
29-10-2024,CEDUNA AMO,0.118129428
30-10-2024,CEDUNA AMO,0.101266323
31-10-2024,CEDUNA AMO,0.112183051
01-11-2024,CEDUNA AMO,0.247811564
02-11-2024,CEDUNA AMO,0.215635412
03-11-2024,CEDUNA AMO,0.23748252
04-11-2024,CEDUNA AMO,0.235438123
05-11-2024,CEDUNA AMO,0.095044706
06-11-2024,CEDUNA AMO,0.089993864
08-10-2024,CLARE HIGH SCHOOL,0.115871599
09-10-2024,CLARE HIGH SCHOOL,0.093720888
10-10-2024,CLARE HIGH SCHOOL,0.101816573
11-10-2024,CLARE HIGH SCHOOL,0.152713538
12-10-2024,CLARE HIGH SCHOOL,0.210688111
13-10-2024,CLARE HIGH SCHOOL,0.211510383
14-10-2024,CLARE HIGH SCHOOL,0.12656506
15-10-2024,CLARE HIGH SCHOOL,0.129619639
16-10-2024,CLARE HIGH SCHOOL,0.102067512
17-10-2024,CLARE HIGH SCHOOL,0.111421282
18-10-2024,CLARE HIGH SCHOOL,0.099752174
19-10-2024,CLARE HIGH SCHOOL,0.092663975
20-10-2024,CLARE HIGH SCHOOL,0.109136306
21-10-2024,CLARE HIGH SCHOOL,0.108436574
22-10-2024,CLARE HIGH SCHOOL,0.109032405
23-10-2024,CLARE HIGH SCHOOL,0.099974006
24-10-2024,CLARE HIGH SCHOOL,0.105530701
25-10-2024,CLARE HIGH SCHOOL,0.093346119
26-10-2024,CLARE HIGH SCHOOL,0.09578887
27-10-2024,CLARE HIGH SCHOOL,0.085555679
28-10-2024,CLARE HIGH SCHOOL,0.109119489
29-10-2024,CLARE HIGH SCHOOL,0.109219297
30-10-2024,CLARE HIGH SCHOOL,0.097742571
31-10-2024,CLARE HIGH SCHOOL,0.095801934
01-11-2024,CLARE HIGH SCHOOL,0.225975287
02-11-2024,CLARE HIGH SCHOOL,0.180424298
03-11-2024,CLARE HIGH SCHOOL,0.184985874
04-11-2024,CLARE HIGH SCHOOL,0.193287727
05-11-2024,CLARE HIGH SCHOOL,0.095788879
06-11-2024,CLARE HIGH SCHOOL,0.084468208
08-10-2024,CLEVE AERODROME,0.117570268
09-10-2024,CLEVE AERODROME,0.096933573
10-10-2024,CLEVE AERODROME,0.112322405
11-10-2024,CLEVE AERODROME,0.163700026
12-10-2024,CLEVE AERODROME,0.220336682
13-10-2024,CLEVE AERODROME,0.233622127
14-10-2024,CLEVE AERODROME,0.136818945
15-10-2024,CLEVE AERODROME,0.138771566
16-10-2024,CLEVE AERODROME,0.10400924
17-10-2024,CLEVE AERODROME,0.111354617
18-10-2024,CLEVE AERODROME,0.105347873
19-10-2024,CLEVE AERODROME,0.0956164
20-10-2024,CLEVE AERODROME,0.120607257
21-10-2024,CLEVE AERODROME,0.111757594
22-10-2024,CLEVE AERODROME,0.111046224
23-10-2024,CLEVE AERODROME,0.102193068
24-10-2024,CLEVE AERODROME,0.121789803
25-10-2024,CLEVE AERODROME,0.100624422
26-10-2024,CLEVE AERODROME,0.102812132
27-10-2024,CLEVE AERODROME,0.088740193
28-10-2024,CLEVE AERODROME,0.128463774
29-10-2024,CLEVE AERODROME,0.115153237
30-10-2024,CLEVE AERODROME,0.105609519
31-10-2024,CLEVE AERODROME,0.110976617
01-11-2024,CLEVE AERODROME,0.260959352
02-11-2024,CLEVE AERODROME,0.227479273
03-11-2024,CLEVE AERODROME,0.220524786
04-11-2024,CLEVE AERODROME,0.251598136
05-11-2024,CLEVE AERODROME,0.106514538
06-11-2024,CLEVE AERODROME,0.090846323
08-10-2024,COFFIN BAY (POINT AVOID),0.127592592
09-10-2024,COFFIN BAY (POINT AVOID),0.096933573
10-10-2024,COFFIN BAY (POINT AVOID),0.112954863
11-10-2024,COFFIN BAY (POINT AVOID),0.177043069
12-10-2024,COFFIN BAY (POINT AVOID),0.242351441
13-10-2024,COFFIN BAY (POINT AVOID),0.233622127
14-10-2024,COFFIN BAY (POINT AVOID),0.136818945
15-10-2024,COFFIN BAY (POINT AVOID),0.138771566
16-10-2024,COFFIN BAY (POINT AVOID),0.107701843
17-10-2024,COFFIN BAY (POINT AVOID),0.140561618
18-10-2024,COFFIN BAY (POINT AVOID),0.107090698
19-10-2024,COFFIN BAY (POINT AVOID),0.096248858
20-10-2024,COFFIN BAY (POINT AVOID),0.120607257
21-10-2024,COFFIN BAY (POINT AVOID),0.111757594
22-10-2024,COFFIN BAY (POINT AVOID),0.111046224
23-10-2024,COFFIN BAY (POINT AVOID),0.102825526
24-10-2024,COFFIN BAY (POINT AVOID),0.124924939
25-10-2024,COFFIN BAY (POINT AVOID),0.109141942
26-10-2024,COFFIN BAY (POINT AVOID),0.102812132
27-10-2024,COFFIN BAY (POINT AVOID),0.097059399
28-10-2024,COFFIN BAY (POINT AVOID),0.132288144
29-10-2024,COFFIN BAY (POINT AVOID),0.119602289
30-10-2024,COFFIN BAY (POINT AVOID),0.105609519
31-10-2024,COFFIN BAY (POINT AVOID),0.116418137
01-11-2024,COFFIN BAY (POINT AVOID),0.268030549
02-11-2024,COFFIN BAY (POINT AVOID),0.227479273
03-11-2024,COFFIN BAY (POINT AVOID),0.222154463
04-11-2024,COFFIN BAY (POINT AVOID),0.262956009
05-11-2024,COFFIN BAY (POINT AVOID),0.106514538
06-11-2024,COFFIN BAY (POINT AVOID),0.090846323
08-10-2024,COOBER PEDY AIRPORT,0.137729084
09-10-2024,COOBER PEDY AIRPORT,0.108287372
10-10-2024,COOBER PEDY AIRPORT,0.135137863
11-10-2024,COOBER PEDY AIRPORT,0.134395876
12-10-2024,COOBER PEDY AIRPORT,0.208366733
13-10-2024,COOBER PEDY AIRPORT,0.207628456
14-10-2024,COOBER PEDY AIRPORT,0.134599981
15-10-2024,COOBER PEDY AIRPORT,0.136552602
16-10-2024,COOBER PEDY AIRPORT,0.107386876
17-10-2024,COOBER PEDY AIRPORT,0.121952687
18-10-2024,COOBER PEDY AIRPORT,0.093973384
19-10-2024,COOBER PEDY AIRPORT,0.093623147
20-10-2024,COOBER PEDY AIRPORT,0.118317
21-10-2024,COOBER PEDY AIRPORT,0.107954006
22-10-2024,COOBER PEDY AIRPORT,0.105663596
23-10-2024,COOBER PEDY AIRPORT,0.101533467
24-10-2024,COOBER PEDY AIRPORT,0.113941278
25-10-2024,COOBER PEDY AIRPORT,0.10144771
26-10-2024,COOBER PEDY AIRPORT,0.086673498
27-10-2024,COOBER PEDY AIRPORT,0.083096473
28-10-2024,COOBER PEDY AIRPORT,0.12498245
29-10-2024,COOBER PEDY AIRPORT,0.127458326
30-10-2024,COOBER PEDY AIRPORT,0.098108021
31-10-2024,COOBER PEDY AIRPORT,0.116878855
01-11-2024,COOBER PEDY AIRPORT,0.265164532
02-11-2024,COOBER PEDY AIRPORT,0.223007013
03-11-2024,COOBER PEDY AIRPORT,0.25113038
04-11-2024,COOBER PEDY AIRPORT,0.245195592
05-11-2024,COOBER PEDY AIRPORT,0.101902606
06-11-2024,COOBER PEDY AIRPORT,0.086234391
08-10-2024,COONAWARRA,0.114767908
09-10-2024,COONAWARRA,0.100244019
10-10-2024,COONAWARRA,0.10658662
11-10-2024,COONAWARRA,0.166567585
12-10-2024,COONAWARRA,0.237049667
13-10-2024,COONAWARRA,0.232700533
14-10-2024,COONAWARRA,0.128198558
15-10-2024,COONAWARRA,0.135836111
16-10-2024,COONAWARRA,0.105023327
17-10-2024,COONAWARRA,0.111737953
18-10-2024,COONAWARRA,0.091900832
19-10-2024,COONAWARRA,0.100627153
20-10-2024,COONAWARRA,0.118730504
21-10-2024,COONAWARRA,0.114635947
22-10-2024,COONAWARRA,0.104210804
23-10-2024,COONAWARRA,0.102567375
24-10-2024,COONAWARRA,0.114218271
25-10-2024,COONAWARRA,0.103093755
26-10-2024,COONAWARRA,0.096763945
27-10-2024,COONAWARRA,0.093998284
28-10-2024,COONAWARRA,0.119680659
29-10-2024,COONAWARRA,0.121409495
30-10-2024,COONAWARRA,0.10386238
31-10-2024,COONAWARRA,0.107056878
01-11-2024,COONAWARRA,0.223297869
02-11-2024,COONAWARRA,0.191137393
03-11-2024,COONAWARRA,0.193501034
04-11-2024,COONAWARRA,0.248753734
05-11-2024,COONAWARRA,0.112231512
06-11-2024,COONAWARRA,0.103008468
08-10-2024,CULTANA (DEFENCE),0.114477339
09-10-2024,CULTANA (DEFENCE),0.091473973
10-10-2024,CULTANA (DEFENCE),0.104083197
11-10-2024,CULTANA (DEFENCE),0.152360385
12-10-2024,CULTANA (DEFENCE),0.225813208
13-10-2024,CULTANA (DEFENCE),0.239245431
14-10-2024,CULTANA (DEFENCE),0.132736533
15-10-2024,CULTANA (DEFENCE),0.134689155
16-10-2024,CULTANA (DEFENCE),0.104805544
17-10-2024,CULTANA (DEFENCE),0.12886444
18-10-2024,CULTANA (DEFENCE),0.10312634
19-10-2024,CULTANA (DEFENCE),0.10312634
20-10-2024,CULTANA (DEFENCE),0.127923417
21-10-2024,CULTANA (DEFENCE),0.11446382
22-10-2024,CULTANA (DEFENCE),0.112939463
23-10-2024,CULTANA (DEFENCE),0.101598943
24-10-2024,CULTANA (DEFENCE),0.123202809
25-10-2024,CULTANA (DEFENCE),0.108547818
26-10-2024,CULTANA (DEFENCE),0.102218007
27-10-2024,CULTANA (DEFENCE),0.088740193
28-10-2024,CULTANA (DEFENCE),0.134743595
29-10-2024,CULTANA (DEFENCE),0.121883351
30-10-2024,CULTANA (DEFENCE),0.106443291
31-10-2024,CULTANA (DEFENCE),0.116418137
01-11-2024,CULTANA (DEFENCE),0.267082844
02-11-2024,CULTANA (DEFENCE),0.221826986
03-11-2024,CULTANA (DEFENCE),0.239516706
04-11-2024,CULTANA (DEFENCE),0.273397278
05-11-2024,CULTANA (DEFENCE),0.108130029
06-11-2024,CULTANA (DEFENCE),0.091659927
08-10-2024,CUMMINS AERO,0.136397384
09-10-2024,CUMMINS AERO,0.101557889
10-10-2024,CUMMINS AERO,0.114167113
11-10-2024,CUMMINS AERO,0.163350542
12-10-2024,CUMMINS AERO,0.296390868
13-10-2024,CUMMINS AERO,0.244070044
14-10-2024,CUMMINS AERO,0.143844191
15-10-2024,CUMMINS AERO,0.143844191
16-10-2024,CUMMINS AERO,0.12592896
17-10-2024,CUMMINS AERO,0.132214133
18-10-2024,CUMMINS AERO,0.129196412
19-10-2024,CUMMINS AERO,0.121917113
20-10-2024,CUMMINS AERO,0.139636137
21-10-2024,CUMMINS AERO,0.135587236
22-10-2024,CUMMINS AERO,0.140920268
23-10-2024,CUMMINS AERO,0.119358145
24-10-2024,CUMMINS AERO,0.130963385
25-10-2024,CUMMINS AERO,0.119838869
26-10-2024,CUMMINS AERO,0.104980399
27-10-2024,CUMMINS AERO,0.10218586
28-10-2024,CUMMINS AERO,0.134023959
29-10-2024,CUMMINS AERO,0.129625949
30-10-2024,CUMMINS AERO,0.122725531
31-10-2024,CUMMINS AERO,0.129891722
01-11-2024,CUMMINS AERO,0.22383841
02-11-2024,CUMMINS AERO,0.200888865
03-11-2024,CUMMINS AERO,0.218578585
04-11-2024,CUMMINS AERO,0.250565961
05-11-2024,CUMMINS AERO,0.107439032
06-11-2024,CUMMINS AERO,0.097237383
08-10-2024,EDINBURGH RAAF,0.136658087
09-10-2024,EDINBURGH RAAF,0.101557889
10-10-2024,EDINBURGH RAAF,0.114167113
11-10-2024,EDINBURGH RAAF,0.166811338
12-10-2024,EDINBURGH RAAF,0.254418179
13-10-2024,EDINBURGH RAAF,0.244396638
14-10-2024,EDINBURGH RAAF,0.143844191
15-10-2024,EDINBURGH RAAF,0.143844191
16-10-2024,EDINBURGH RAAF,0.12592896
17-10-2024,EDINBURGH RAAF,0.136020971
18-10-2024,EDINBURGH RAAF,0.12961693
19-10-2024,EDINBURGH RAAF,0.1298307
20-10-2024,EDINBURGH RAAF,0.149046833
21-10-2024,EDINBURGH RAAF,0.135587236
22-10-2024,EDINBURGH RAAF,0.140678043
23-10-2024,EDINBURGH RAAF,0.119358145
24-10-2024,EDINBURGH RAAF,0.134735887
25-10-2024,EDINBURGH RAAF,0.120921298
26-10-2024,EDINBURGH RAAF,0.105630136
27-10-2024,EDINBURGH RAAF,0.097491682
28-10-2024,EDINBURGH RAAF,0.13858181
29-10-2024,EDINBURGH RAAF,0.126618118
30-10-2024,EDINBURGH RAAF,0.117976368
31-10-2024,EDINBURGH RAAF,0.129110527
01-11-2024,EDINBURGH RAAF,0.23633883
02-11-2024,EDINBURGH RAAF,0.215072246
03-11-2024,EDINBURGH RAAF,0.218371804
04-11-2024,EDINBURGH RAAF,0.248915283
05-11-2024,EDINBURGH RAAF,0.104263966
06-11-2024,EDINBURGH RAAF,0.090574651
08-10-2024,EDITHBURGH,0.148148587
09-10-2024,EDITHBURGH,0.108291199
10-10-2024,EDITHBURGH,0.122247471
11-10-2024,EDITHBURGH,0.178782025
12-10-2024,EDITHBURGH,0.268832683
13-10-2024,EDITHBURGH,0.266871294
14-10-2024,EDITHBURGH,0.166792068
15-10-2024,EDITHBURGH,0.166792068
16-10-2024,EDITHBURGH,0.146686215
17-10-2024,EDITHBURGH,0.136268717
18-10-2024,EDITHBURGH,0.124487651
19-10-2024,EDITHBURGH,0.124701422
20-10-2024,EDITHBURGH,0.142617777
21-10-2024,EDITHBURGH,0.123276859
22-10-2024,EDITHBURGH,0.136827442
23-10-2024,EDITHBURGH,0.113278434
24-10-2024,EDITHBURGH,0.128306831
25-10-2024,EDITHBURGH,0.114537899
26-10-2024,EDITHBURGH,0.108557434
27-10-2024,EDITHBURGH,0.102877935
28-10-2024,EDITHBURGH,0.136750469
29-10-2024,EDITHBURGH,0.126940131
30-10-2024,EDITHBURGH,0.110734787
31-10-2024,EDITHBURGH,0.121868946
01-11-2024,EDITHBURGH,0.256075668
02-11-2024,EDITHBURGH,0.216605667
03-11-2024,EDITHBURGH,0.220851416
04-11-2024,EDITHBURGH,0.250565961
05-11-2024,EDITHBURGH,0.104263966
06-11-2024,EDITHBURGH,0.096276613
08-10-2024,ERNABELLA (PUKATJA),0.064881992
09-10-2024,ERNABELLA (PUKATJA),0.049971895
10-10-2024,ERNABELLA (PUKATJA),0.056071924
11-10-2024,ERNABELLA (PUKATJA),0.092394868
12-10-2024,ERNABELLA (PUKATJA),0.113405528
13-10-2024,ERNABELLA (PUKATJA),0.181798812
14-10-2024,ERNABELLA (PUKATJA),0.085563151
15-10-2024,ERNABELLA (PUKATJA),0.075327423
16-10-2024,ERNABELLA (PUKATJA),0.058361027
17-10-2024,ERNABELLA (PUKATJA),0.075985258
18-10-2024,ERNABELLA (PUKATJA),0.054446775
19-10-2024,ERNABELLA (PUKATJA),0.05432233
20-10-2024,ERNABELLA (PUKATJA),0.059288674
21-10-2024,ERNABELLA (PUKATJA),0.067999055
22-10-2024,ERNABELLA (PUKATJA),0.068315311
23-10-2024,ERNABELLA (PUKATJA),0.058615801
24-10-2024,ERNABELLA (PUKATJA),0.058706643
25-10-2024,ERNABELLA (PUKATJA),0.055034075
26-10-2024,ERNABELLA (PUKATJA),0.0556282
27-10-2024,ERNABELLA (PUKATJA),0.044298702
28-10-2024,ERNABELLA (PUKATJA),0.082154869
29-10-2024,ERNABELLA (PUKATJA),0.08183831
30-10-2024,ERNABELLA (PUKATJA),0.062640339
31-10-2024,ERNABELLA (PUKATJA),0.074889343
01-11-2024,ERNABELLA (PUKATJA),0.185551826
02-11-2024,ERNABELLA (PUKATJA),0.170323597
03-11-2024,ERNABELLA (PUKATJA),0.180898008
04-11-2024,ERNABELLA (PUKATJA),0.209523223
05-11-2024,ERNABELLA (PUKATJA),0.065748156
06-11-2024,ERNABELLA (PUKATJA),0.061371395
08-10-2024,EUCLA (RED ROCKS POINT),0.117808039
09-10-2024,EUCLA (RED ROCKS POINT),0.10425976
10-10-2024,EUCLA (RED ROCKS POINT),0.111613962
11-10-2024,EUCLA (RED ROCKS POINT),0.16737509
12-10-2024,EUCLA (RED ROCKS POINT),0.190758911
13-10-2024,EUCLA (RED ROCKS POINT),0.260302258
14-10-2024,EUCLA (RED ROCKS POINT),0.15650445
15-10-2024,EUCLA (RED ROCKS POINT),0.152740368
16-10-2024,EUCLA (RED ROCKS POINT),0.140340498
17-10-2024,EUCLA (RED ROCKS POINT),0.145784267
18-10-2024,EUCLA (RED ROCKS POINT),0.129466076
19-10-2024,EUCLA (RED ROCKS POINT),0.124927662
20-10-2024,EUCLA (RED ROCKS POINT),0.152782562
21-10-2024,EUCLA (RED ROCKS POINT),0.141279861
22-10-2024,EUCLA (RED ROCKS POINT),0.131892577
23-10-2024,EUCLA (RED ROCKS POINT),0.137319913
24-10-2024,EUCLA (RED ROCKS POINT),0.163964111
25-10-2024,EUCLA (RED ROCKS POINT),0.128330989
26-10-2024,EUCLA (RED ROCKS POINT),0.113688607
27-10-2024,EUCLA (RED ROCKS POINT),0.109978376
28-10-2024,EUCLA (RED ROCKS POINT),0.157419741
29-10-2024,EUCLA (RED ROCKS POINT),0.159451478
30-10-2024,EUCLA (RED ROCKS POINT),0.14855291
31-10-2024,EUCLA (RED ROCKS POINT),0.163893538
01-11-2024,EUCLA (RED ROCKS POINT),0.286694256
02-11-2024,EUCLA (RED ROCKS POINT),0.277394984
03-11-2024,EUCLA (RED ROCKS POINT),0.279240463
04-11-2024,EUCLA (RED ROCKS POINT),0.322998223
05-11-2024,EUCLA (RED ROCKS POINT),0.119080619
06-11-2024,EUCLA (RED ROCKS POINT),0.111869311
08-10-2024,HINDMARSH ISLAND,0.137502335
09-10-2024,HINDMARSH ISLAND,0.119806556
10-10-2024,HINDMARSH ISLAND,0.124883104
11-10-2024,HINDMARSH ISLAND,0.196447841
12-10-2024,HINDMARSH ISLAND,0.248864249
13-10-2024,HINDMARSH ISLAND,0.248876214
14-10-2024,HINDMARSH ISLAND,0.1628783
15-10-2024,HINDMARSH ISLAND,0.160977147
16-10-2024,HINDMARSH ISLAND,0.151820735
17-10-2024,HINDMARSH ISLAND,0.162907289
18-10-2024,HINDMARSH ISLAND,0.140593949
19-10-2024,HINDMARSH ISLAND,0.130302092
20-10-2024,HINDMARSH ISLAND,0.148732388
21-10-2024,HINDMARSH ISLAND,0.134336782
22-10-2024,HINDMARSH ISLAND,0.138585573
23-10-2024,HINDMARSH ISLAND,0.127894991
24-10-2024,HINDMARSH ISLAND,0.145247241
25-10-2024,HINDMARSH ISLAND,0.128051219
26-10-2024,HINDMARSH ISLAND,0.131975334
27-10-2024,HINDMARSH ISLAND,0.12984934
28-10-2024,HINDMARSH ISLAND,0.164762564
29-10-2024,HINDMARSH ISLAND,0.155195602
30-10-2024,HINDMARSH ISLAND,0.127057858
31-10-2024,HINDMARSH ISLAND,0.144450116
01-11-2024,HINDMARSH ISLAND,0.2834854
02-11-2024,HINDMARSH ISLAND,0.27181741
03-11-2024,HINDMARSH ISLAND,0.275893734
04-11-2024,HINDMARSH ISLAND,0.324396556
05-11-2024,HINDMARSH ISLAND,0.119080619
06-11-2024,HINDMARSH ISLAND,0.111869311
08-10-2024,KADINA,0.141871195
09-10-2024,KADINA,0.127348862
10-10-2024,KADINA,0.12913628
11-10-2024,KADINA,0.208490343
12-10-2024,KADINA,0.251170631
13-10-2024,KADINA,0.248549619
14-10-2024,KADINA,0.166489099
15-10-2024,KADINA,0.154372104
16-10-2024,KADINA,0.1475845
17-10-2024,KADINA,0.14521913
18-10-2024,KADINA,0.133339188
19-10-2024,KADINA,0.133047331
20-10-2024,KADINA,0.13784617
21-10-2024,KADINA,0.138552612
22-10-2024,KADINA,0.135946413
23-10-2024,KADINA,0.130637959
24-10-2024,KADINA,0.132156477
25-10-2024,KADINA,0.119332785
26-10-2024,KADINA,0.122624442
27-10-2024,KADINA,0.120815965
28-10-2024,KADINA,0.150523378
29-10-2024,KADINA,0.145541052
30-10-2024,KADINA,0.116177574
31-10-2024,KADINA,0.1317897
01-11-2024,KADINA,0.289377222
02-11-2024,KADINA,0.221249397
03-11-2024,KADINA,0.24274644
04-11-2024,KADINA,0.263398605
05-11-2024,KADINA,0.105268302
06-11-2024,KADINA,0.09827194
08-10-2024,KEITH (MUNKORA),0.135581575
09-10-2024,KEITH (MUNKORA),0.124893299
10-10-2024,KEITH (MUNKORA),0.120181973
11-10-2024,KEITH (MUNKORA),0.236282193
12-10-2024,KEITH (MUNKORA),0.228316617
13-10-2024,KEITH (MUNKORA),0.222719793
14-10-2024,KEITH (MUNKORA),0.158065462
15-10-2024,KEITH (MUNKORA),0.15916742
16-10-2024,KEITH (MUNKORA),0.138529542
17-10-2024,KEITH (MUNKORA),0.147422733
18-10-2024,KEITH (MUNKORA),0.132553081
19-10-2024,KEITH (MUNKORA),0.118654877
20-10-2024,KEITH (MUNKORA),0.123207817
21-10-2024,KEITH (MUNKORA),0.131800152
22-10-2024,KEITH (MUNKORA),0.137196557
23-10-2024,KEITH (MUNKORA),0.11773666
24-10-2024,KEITH (MUNKORA),0.137242285
25-10-2024,KEITH (MUNKORA),0.121728754
26-10-2024,KEITH (MUNKORA),0.114215794
27-10-2024,KEITH (MUNKORA),0.115328218
28-10-2024,KEITH (MUNKORA),0.147297419
29-10-2024,KEITH (MUNKORA),0.143598754
30-10-2024,KEITH (MUNKORA),0.118834245
31-10-2024,KEITH (MUNKORA),0.126625203
01-11-2024,KEITH (MUNKORA),0.201452573
02-11-2024,KEITH (MUNKORA),0.202951752
03-11-2024,KEITH (MUNKORA),0.213991511
04-11-2024,KEITH (MUNKORA),0.217090206
05-11-2024,KEITH (MUNKORA),0.104010855
06-11-2024,KEITH (MUNKORA),0.098894499
08-10-2024,KINGSCOTE AERO,0.175718818
09-10-2024,KINGSCOTE AERO,0.142457399
10-10-2024,KINGSCOTE AERO,0.157316061
11-10-2024,KINGSCOTE AERO,0.308351909
12-10-2024,KINGSCOTE AERO,0.302839209
13-10-2024,KINGSCOTE AERO,0.320389239
14-10-2024,KINGSCOTE AERO,0.202052721
15-10-2024,KINGSCOTE AERO,0.202952298
16-10-2024,KINGSCOTE AERO,0.191502199
17-10-2024,KINGSCOTE AERO,0.168019287
18-10-2024,KINGSCOTE AERO,0.159109876
19-10-2024,KINGSCOTE AERO,0.149708586
20-10-2024,KINGSCOTE AERO,0.16655721
21-10-2024,KINGSCOTE AERO,0.154975199
22-10-2024,KINGSCOTE AERO,0.160431832
23-10-2024,KINGSCOTE AERO,0.150021285
24-10-2024,KINGSCOTE AERO,0.164130143
25-10-2024,KINGSCOTE AERO,0.143502409
26-10-2024,KINGSCOTE AERO,0.133767227
27-10-2024,KINGSCOTE AERO,0.123523623
28-10-2024,KINGSCOTE AERO,0.183681594
29-10-2024,KINGSCOTE AERO,0.170516894
30-10-2024,KINGSCOTE AERO,0.144909577
31-10-2024,KINGSCOTE AERO,0.173829277
01-11-2024,KINGSCOTE AERO,0.245291804
02-11-2024,KINGSCOTE AERO,0.242140674
03-11-2024,KINGSCOTE AERO,0.244439027
04-11-2024,KINGSCOTE AERO,0.27163209
05-11-2024,KINGSCOTE AERO,0.11714968
06-11-2024,KINGSCOTE AERO,0.112441604
08-10-2024,KUITPO FOREST RESERVE,0.17597952
09-10-2024,KUITPO FOREST RESERVE,0.152025524
10-10-2024,KUITPO FOREST RESERVE,0.161781595
11-10-2024,KUITPO FOREST RESERVE,0.316856542
12-10-2024,KUITPO FOREST RESERVE,0.306821044
13-10-2024,KUITPO FOREST RESERVE,0.320389239
14-10-2024,KUITPO FOREST RESERVE,0.201524266
15-10-2024,KUITPO FOREST RESERVE,0.202952298
16-10-2024,KUITPO FOREST RESERVE,0.202011378
17-10-2024,KUITPO FOREST RESERVE,0.169113145
18-10-2024,KUITPO FOREST RESERVE,0.159109876
19-10-2024,KUITPO FOREST RESERVE,0.148458586
20-10-2024,KUITPO FOREST RESERVE,0.169834336
21-10-2024,KUITPO FOREST RESERVE,0.154975199
22-10-2024,KUITPO FOREST RESERVE,0.160900059
23-10-2024,KUITPO FOREST RESERVE,0.150021285
24-10-2024,KUITPO FOREST RESERVE,0.164130143
25-10-2024,KUITPO FOREST RESERVE,0.143502409
26-10-2024,KUITPO FOREST RESERVE,0.133767227
27-10-2024,KUITPO FOREST RESERVE,0.123523623
28-10-2024,KUITPO FOREST RESERVE,0.183681594
29-10-2024,KUITPO FOREST RESERVE,0.170516894
30-10-2024,KUITPO FOREST RESERVE,0.144909577
31-10-2024,KUITPO FOREST RESERVE,0.171674726
01-11-2024,KUITPO FOREST RESERVE,0.271711521
02-11-2024,KUITPO FOREST RESERVE,0.241862736
03-11-2024,KUITPO FOREST RESERVE,0.241744423
04-11-2024,KUITPO FOREST RESERVE,0.27163209
05-11-2024,KUITPO FOREST RESERVE,0.119635911
06-11-2024,KUITPO FOREST RESERVE,0.112441604
08-10-2024,LAMEROO (AUSTIN PLAINS),0.13393922
09-10-2024,LAMEROO (AUSTIN PLAINS),0.126755807
10-10-2024,LAMEROO (AUSTIN PLAINS),0.130217549
11-10-2024,LAMEROO (AUSTIN PLAINS),0.169952027
12-10-2024,LAMEROO (AUSTIN PLAINS),0.224277733
13-10-2024,LAMEROO (AUSTIN PLAINS),0.219787969
14-10-2024,LAMEROO (AUSTIN PLAINS),0.157280005
15-10-2024,LAMEROO (AUSTIN PLAINS),0.152777855
16-10-2024,LAMEROO (AUSTIN PLAINS),0.136877634
17-10-2024,LAMEROO (AUSTIN PLAINS),0.141168567
18-10-2024,LAMEROO (AUSTIN PLAINS),0.129774508
19-10-2024,LAMEROO (AUSTIN PLAINS),0.125915595
20-10-2024,LAMEROO (AUSTIN PLAINS),0.134679434
21-10-2024,LAMEROO (AUSTIN PLAINS),0.132805037
22-10-2024,LAMEROO (AUSTIN PLAINS),0.124232143
23-10-2024,LAMEROO (AUSTIN PLAINS),0.123670987
24-10-2024,LAMEROO (AUSTIN PLAINS),0.132043597
25-10-2024,LAMEROO (AUSTIN PLAINS),0.116745112
26-10-2024,LAMEROO (AUSTIN PLAINS),0.109232152
27-10-2024,LAMEROO (AUSTIN PLAINS),0.105536284
28-10-2024,LAMEROO (AUSTIN PLAINS),0.142017158
29-10-2024,LAMEROO (AUSTIN PLAINS),0.132169651
30-10-2024,LAMEROO (AUSTIN PLAINS),0.11547879
31-10-2024,LAMEROO (AUSTIN PLAINS),0.130296806
01-11-2024,LAMEROO (AUSTIN PLAINS),0.194050957
02-11-2024,LAMEROO (AUSTIN PLAINS),0.193539004
03-11-2024,LAMEROO (AUSTIN PLAINS),0.188439014
04-11-2024,LAMEROO (AUSTIN PLAINS),0.207090943
05-11-2024,LAMEROO (AUSTIN PLAINS),0.084214831
06-11-2024,LAMEROO (AUSTIN PLAINS),0.068332468
08-10-2024,LEIGH CREEK AIRPORT,0.071895615
09-10-2024,LEIGH CREEK AIRPORT,0.05093629
10-10-2024,LEIGH CREEK AIRPORT,0.05923375
11-10-2024,LEIGH CREEK AIRPORT,0.099969749
12-10-2024,LEIGH CREEK AIRPORT,0.103873258
13-10-2024,LEIGH CREEK AIRPORT,0.107772257
14-10-2024,LEIGH CREEK AIRPORT,0.076595866
15-10-2024,LEIGH CREEK AIRPORT,0.069217564
16-10-2024,LEIGH CREEK AIRPORT,0.058771281
17-10-2024,LEIGH CREEK AIRPORT,0.074442642
18-10-2024,LEIGH CREEK AIRPORT,0.063780886
19-10-2024,LEIGH CREEK AIRPORT,0.063504558
20-10-2024,LEIGH CREEK AIRPORT,0.060026344
21-10-2024,LEIGH CREEK AIRPORT,0.069950727
22-10-2024,LEIGH CREEK AIRPORT,0.067954774
23-10-2024,LEIGH CREEK AIRPORT,0.059409248
24-10-2024,LEIGH CREEK AIRPORT,0.059856164
25-10-2024,LEIGH CREEK AIRPORT,0.05902119
26-10-2024,LEIGH CREEK AIRPORT,0.058678333
27-10-2024,LEIGH CREEK AIRPORT,0.050395089
28-10-2024,LEIGH CREEK AIRPORT,0.069914726
29-10-2024,LEIGH CREEK AIRPORT,0.070198898
30-10-2024,LEIGH CREEK AIRPORT,0.059645705
31-10-2024,LEIGH CREEK AIRPORT,0.05908121
01-11-2024,LEIGH CREEK AIRPORT,0.189917647
02-11-2024,LEIGH CREEK AIRPORT,0.184941975
03-11-2024,LEIGH CREEK AIRPORT,0.181079822
04-11-2024,LEIGH CREEK AIRPORT,0.211341405
05-11-2024,LEIGH CREEK AIRPORT,0.06803314
06-11-2024,LEIGH CREEK AIRPORT,0.061974279
08-10-2024,LOXTON RESEARCH CENTRE,0.07350592
09-10-2024,LOXTON RESEARCH CENTRE,0.051962236
10-10-2024,LOXTON RESEARCH CENTRE,0.059883296
11-10-2024,LOXTON RESEARCH CENTRE,0.101282705
12-10-2024,LOXTON RESEARCH CENTRE,0.105186213
13-10-2024,LOXTON RESEARCH CENTRE,0.10767999
14-10-2024,LOXTON RESEARCH CENTRE,0.069898329
15-10-2024,LOXTON RESEARCH CENTRE,0.069055867
16-10-2024,LOXTON RESEARCH CENTRE,0.060085109
17-10-2024,LOXTON RESEARCH CENTRE,0.075450251
18-10-2024,LOXTON RESEARCH CENTRE,0.065881208
19-10-2024,LOXTON RESEARCH CENTRE,0.064522591
20-10-2024,LOXTON RESEARCH CENTRE,0.060768049
21-10-2024,LOXTON RESEARCH CENTRE,0.069334126
22-10-2024,LOXTON RESEARCH CENTRE,0.068604012
23-10-2024,LOXTON RESEARCH CENTRE,0.058792648
24-10-2024,LOXTON RESEARCH CENTRE,0.059825439
25-10-2024,LOXTON RESEARCH CENTRE,0.051621135
26-10-2024,LOXTON RESEARCH CENTRE,0.059795798
27-10-2024,LOXTON RESEARCH CENTRE,0.051512553
28-10-2024,LOXTON RESEARCH CENTRE,0.070313574
29-10-2024,LOXTON RESEARCH CENTRE,0.070894941
30-10-2024,LOXTON RESEARCH CENTRE,0.059653636
31-10-2024,LOXTON RESEARCH CENTRE,0.060065134
01-11-2024,LOXTON RESEARCH CENTRE,0.184436671
02-11-2024,LOXTON RESEARCH CENTRE,0.170837684
03-11-2024,LOXTON RESEARCH CENTRE,0.167997788
04-11-2024,LOXTON RESEARCH CENTRE,0.202370951
05-11-2024,LOXTON RESEARCH CENTRE,0.079845968
06-11-2024,LOXTON RESEARCH CENTRE,0.063220748
08-10-2024,MARREE AERO,0.077965872
09-10-2024,MARREE AERO,0.047585562
10-10-2024,MARREE AERO,0.066498
11-10-2024,MARREE AERO,0.095527757
12-10-2024,MARREE AERO,0.099431266
13-10-2024,MARREE AERO,0.108684209
14-10-2024,MARREE AERO,0.072386414
15-10-2024,MARREE AERO,0.073177457
16-10-2024,MARREE AERO,0.055829063
17-10-2024,MARREE AERO,0.056385976
18-10-2024,MARREE AERO,0.055300111
19-10-2024,MARREE AERO,0.054049707
20-10-2024,MARREE AERO,0.05675676
21-10-2024,MARREE AERO,0.065507355
22-10-2024,MARREE AERO,0.065687616
23-10-2024,MARREE AERO,0.056186208
24-10-2024,MARREE AERO,0.057459692
25-10-2024,MARREE AERO,0.056430609
26-10-2024,MARREE AERO,0.055158244
27-10-2024,MARREE AERO,0.041391138
28-10-2024,MARREE AERO,0.076180461
29-10-2024,MARREE AERO,0.067014192
30-10-2024,MARREE AERO,0.057320119
31-10-2024,MARREE AERO,0.05998462
01-11-2024,MARREE AERO,0.187104366
02-11-2024,MARREE AERO,0.184923619
03-11-2024,MARREE AERO,0.180810247
04-11-2024,MARREE AERO,0.228180351
05-11-2024,MARREE AERO,0.06757039
06-11-2024,MARREE AERO,0.061118437
08-10-2024,MINLATON AERO,0.114794254
09-10-2024,MINLATON AERO,0.088742624
10-10-2024,MINLATON AERO,0.109215131
11-10-2024,MINLATON AERO,0.165905661
12-10-2024,MINLATON AERO,0.161318912
13-10-2024,MINLATON AERO,0.175227313
14-10-2024,MINLATON AERO,0.123199806
15-10-2024,MINLATON AERO,0.123199806
16-10-2024,MINLATON AERO,0.104155543
17-10-2024,MINLATON AERO,0.114851635
18-10-2024,MINLATON AERO,0.101873289
19-10-2024,MINLATON AERO,0.102387343
20-10-2024,MINLATON AERO,0.101592453
21-10-2024,MINLATON AERO,0.110830803
22-10-2024,MINLATON AERO,0.110165757
23-10-2024,MINLATON AERO,0.101053312
24-10-2024,MINLATON AERO,0.108747222
25-10-2024,MINLATON AERO,0.089334875
26-10-2024,MINLATON AERO,0.08076242
27-10-2024,MINLATON AERO,0.080029793
28-10-2024,MINLATON AERO,0.116913719
29-10-2024,MINLATON AERO,0.112898576
30-10-2024,MINLATON AERO,0.099551112
31-10-2024,MINLATON AERO,0.100725053
01-11-2024,MINLATON AERO,0.214326618
02-11-2024,MINLATON AERO,0.189805654
03-11-2024,MINLATON AERO,0.19233303
04-11-2024,MINLATON AERO,0.230670036
05-11-2024,MINLATON AERO,0.079905213
06-11-2024,MINLATON AERO,0.064633284
08-10-2024,MINNIPA PIRSA,0.080681626
09-10-2024,MINNIPA PIRSA,0.059348822
10-10-2024,MINNIPA PIRSA,0.069488977
11-10-2024,MINNIPA PIRSA,0.113925898
12-10-2024,MINNIPA PIRSA,0.1127888
13-10-2024,MINNIPA PIRSA,0.120362236
14-10-2024,MINNIPA PIRSA,0.090431007
15-10-2024,MINNIPA PIRSA,0.090985786
16-10-2024,MINNIPA PIRSA,0.067981965
17-10-2024,MINNIPA PIRSA,0.075554516
18-10-2024,MINNIPA PIRSA,0.066316532
19-10-2024,MINNIPA PIRSA,0.07051426
20-10-2024,MINNIPA PIRSA,0.070213677
21-10-2024,MINNIPA PIRSA,0.078405583
22-10-2024,MINNIPA PIRSA,0.078112722
23-10-2024,MINNIPA PIRSA,0.068336236
24-10-2024,MINNIPA PIRSA,0.071058239
25-10-2024,MINNIPA PIRSA,0.059650581
26-10-2024,MINNIPA PIRSA,0.058965168
27-10-2024,MINNIPA PIRSA,0.057282476
28-10-2024,MINNIPA PIRSA,0.081301565
29-10-2024,MINNIPA PIRSA,0.080088074
30-10-2024,MINNIPA PIRSA,0.070595137
31-10-2024,MINNIPA PIRSA,0.070996638
01-11-2024,MINNIPA PIRSA,0.196699677
02-11-2024,MINNIPA PIRSA,0.181359289
03-11-2024,MINNIPA PIRSA,0.184119431
04-11-2024,MINNIPA PIRSA,0.208334362
05-11-2024,MINNIPA PIRSA,0.076766735
06-11-2024,MINNIPA PIRSA,0.063473706
08-10-2024,MOOMBA AIRPORT,0.076827292
09-10-2024,MOOMBA AIRPORT,0.052517705
10-10-2024,MOOMBA AIRPORT,0.070911656
11-10-2024,MOOMBA AIRPORT,0.099107603
12-10-2024,MOOMBA AIRPORT,0.102025687
13-10-2024,MOOMBA AIRPORT,0.102276949
14-10-2024,MOOMBA AIRPORT,0.072053406
15-10-2024,MOOMBA AIRPORT,0.064766788
16-10-2024,MOOMBA AIRPORT,0.052054791
17-10-2024,MOOMBA AIRPORT,0.048221103
18-10-2024,MOOMBA AIRPORT,0.041118185
19-10-2024,MOOMBA AIRPORT,0.040694905
20-10-2024,MOOMBA AIRPORT,0.051873902
21-10-2024,MOOMBA AIRPORT,0.068977532
22-10-2024,MOOMBA AIRPORT,0.062062932
23-10-2024,MOOMBA AIRPORT,0.059237218
24-10-2024,MOOMBA AIRPORT,0.064874809
25-10-2024,MOOMBA AIRPORT,0.053333761
26-10-2024,MOOMBA AIRPORT,0.053454313
27-10-2024,MOOMBA AIRPORT,0.032892944
28-10-2024,MOOMBA AIRPORT,0.069348097
29-10-2024,MOOMBA AIRPORT,0.06972563
30-10-2024,MOOMBA AIRPORT,0.051791755
31-10-2024,MOOMBA AIRPORT,0.05271934
01-11-2024,MOOMBA AIRPORT,0.221344451
02-11-2024,MOOMBA AIRPORT,0.192918231
03-11-2024,MOOMBA AIRPORT,0.196844434
04-11-2024,MOOMBA AIRPORT,0.225905575
05-11-2024,MOOMBA AIRPORT,0.049499406
06-11-2024,MOOMBA AIRPORT,0.039302052
08-10-2024,MOUNT CRAWFORD,0.422448588
09-10-2024,MOUNT CRAWFORD,0.34972078
10-10-2024,MOUNT CRAWFORD,0.407898664
11-10-2024,MOUNT CRAWFORD,0.621132219
12-10-2024,MOUNT CRAWFORD,0.62586581
13-10-2024,MOUNT CRAWFORD,0.649381822
14-10-2024,MOUNT CRAWFORD,0.483913208
15-10-2024,MOUNT CRAWFORD,0.455408072
16-10-2024,MOUNT CRAWFORD,0.451975864
17-10-2024,MOUNT CRAWFORD,0.252261128
18-10-2024,MOUNT CRAWFORD,0.357420594
19-10-2024,MOUNT CRAWFORD,0.297085188
20-10-2024,MOUNT CRAWFORD,0.408197909
21-10-2024,MOUNT CRAWFORD,0.267945829
22-10-2024,MOUNT CRAWFORD,0.251378828
23-10-2024,MOUNT CRAWFORD,0.240725809
24-10-2024,MOUNT CRAWFORD,0.42532985
25-10-2024,MOUNT CRAWFORD,0.32447009
26-10-2024,MOUNT CRAWFORD,0.328346646
27-10-2024,MOUNT CRAWFORD,0.300444449
28-10-2024,MOUNT CRAWFORD,0.44868069
29-10-2024,MOUNT CRAWFORD,0.416596181
30-10-2024,MOUNT CRAWFORD,0.37169644
31-10-2024,MOUNT CRAWFORD,0.366796593
01-11-2024,MOUNT CRAWFORD,0.330672323
02-11-2024,MOUNT CRAWFORD,0.35779753
03-11-2024,MOUNT CRAWFORD,0.352268539
04-11-2024,MOUNT CRAWFORD,0.248471709
05-11-2024,MOUNT CRAWFORD,0.1199239
06-11-2024,MOUNT CRAWFORD,0.14684091
08-10-2024,MOUNT GAMBIER AERO,0.4259546
09-10-2024,MOUNT GAMBIER AERO,0.359694758
10-10-2024,MOUNT GAMBIER AERO,0.432841243
11-10-2024,MOUNT GAMBIER AERO,0.605197129
12-10-2024,MOUNT GAMBIER AERO,0.634473144
13-10-2024,MOUNT GAMBIER AERO,0.65370235
14-10-2024,MOUNT GAMBIER AERO,0.47256239
15-10-2024,MOUNT GAMBIER AERO,0.464170061
16-10-2024,MOUNT GAMBIER AERO,0.462185537
17-10-2024,MOUNT GAMBIER AERO,0.297262821
18-10-2024,MOUNT GAMBIER AERO,0.373108336
19-10-2024,MOUNT GAMBIER AERO,0.282999541
20-10-2024,MOUNT GAMBIER AERO,0.400799788
21-10-2024,MOUNT GAMBIER AERO,0.275028729
22-10-2024,MOUNT GAMBIER AERO,0.267957297
23-10-2024,MOUNT GAMBIER AERO,0.26863224
24-10-2024,MOUNT GAMBIER AERO,0.416263887
25-10-2024,MOUNT GAMBIER AERO,0.374540175
26-10-2024,MOUNT GAMBIER AERO,0.373875235
27-10-2024,MOUNT GAMBIER AERO,0.34269863
28-10-2024,MOUNT GAMBIER AERO,0.422224088
29-10-2024,MOUNT GAMBIER AERO,0.461699501
30-10-2024,MOUNT GAMBIER AERO,0.435349765
31-10-2024,MOUNT GAMBIER AERO,0.440642694
01-11-2024,MOUNT GAMBIER AERO,0.336470848
02-11-2024,MOUNT GAMBIER AERO,0.357488414
03-11-2024,MOUNT GAMBIER AERO,0.353975916
04-11-2024,MOUNT GAMBIER AERO,0.256037102
05-11-2024,MOUNT GAMBIER AERO,0.120401182
06-11-2024,MOUNT GAMBIER AERO,0.155135624
08-10-2024,MOUNT LOFTY,0.446792757
09-10-2024,MOUNT LOFTY,0.364705934
10-10-2024,MOUNT LOFTY,0.44878223
11-10-2024,MOUNT LOFTY,0.601577403
12-10-2024,MOUNT LOFTY,0.609694439
13-10-2024,MOUNT LOFTY,0.641962379
14-10-2024,MOUNT LOFTY,0.481617463
15-10-2024,MOUNT LOFTY,0.476852714
16-10-2024,MOUNT LOFTY,0.4786166
17-10-2024,MOUNT LOFTY,0.386058014
18-10-2024,MOUNT LOFTY,0.385536947
19-10-2024,MOUNT LOFTY,0.370910145
20-10-2024,MOUNT LOFTY,0.424974693
21-10-2024,MOUNT LOFTY,0.385884511
22-10-2024,MOUNT LOFTY,0.396337436
23-10-2024,MOUNT LOFTY,0.386566528
24-10-2024,MOUNT LOFTY,0.445176781
25-10-2024,MOUNT LOFTY,0.387184346
26-10-2024,MOUNT LOFTY,0.387809092
27-10-2024,MOUNT LOFTY,0.348364955
28-10-2024,MOUNT LOFTY,0.455859753
29-10-2024,MOUNT LOFTY,0.45076439
30-10-2024,MOUNT LOFTY,0.436460015
31-10-2024,MOUNT LOFTY,0.463479409
01-11-2024,MOUNT LOFTY,0.33412181
02-11-2024,MOUNT LOFTY,0.419977494
03-11-2024,MOUNT LOFTY,0.338767085
04-11-2024,MOUNT LOFTY,0.212700877
05-11-2024,MOUNT LOFTY,0.117480453
06-11-2024,MOUNT LOFTY,0.161425165
08-10-2024,MURRAY BRIDGE (PALLAMANA AERODROME),0.155842086
09-10-2024,MURRAY BRIDGE (PALLAMANA AERODROME),0.142548964
10-10-2024,MURRAY BRIDGE (PALLAMANA AERODROME),0.145153791
11-10-2024,MURRAY BRIDGE (PALLAMANA AERODROME),0.216938794
12-10-2024,MURRAY BRIDGE (PALLAMANA AERODROME),0.253339126
13-10-2024,MURRAY BRIDGE (PALLAMANA AERODROME),0.339349086
14-10-2024,MURRAY BRIDGE (PALLAMANA AERODROME),0.176079606
15-10-2024,MURRAY BRIDGE (PALLAMANA AERODROME),0.179652538
16-10-2024,MURRAY BRIDGE (PALLAMANA AERODROME),0.180637537
17-10-2024,MURRAY BRIDGE (PALLAMANA AERODROME),0.171501072
18-10-2024,MURRAY BRIDGE (PALLAMANA AERODROME),0.154661488
19-10-2024,MURRAY BRIDGE (PALLAMANA AERODROME),0.150959927
20-10-2024,MURRAY BRIDGE (PALLAMANA AERODROME),0.194120506
21-10-2024,MURRAY BRIDGE (PALLAMANA AERODROME),0.154898223
22-10-2024,MURRAY BRIDGE (PALLAMANA AERODROME),0.157443858
23-10-2024,MURRAY BRIDGE (PALLAMANA AERODROME),0.155898268
24-10-2024,MURRAY BRIDGE (PALLAMANA AERODROME),0.178048972
25-10-2024,MURRAY BRIDGE (PALLAMANA AERODROME),0.1591221
26-10-2024,MURRAY BRIDGE (PALLAMANA AERODROME),0.148189306
27-10-2024,MURRAY BRIDGE (PALLAMANA AERODROME),0.152236847
28-10-2024,MURRAY BRIDGE (PALLAMANA AERODROME),0.186447716
29-10-2024,MURRAY BRIDGE (PALLAMANA AERODROME),0.176706877
30-10-2024,MURRAY BRIDGE (PALLAMANA AERODROME),0.159471579
31-10-2024,MURRAY BRIDGE (PALLAMANA AERODROME),0.189628549
01-11-2024,MURRAY BRIDGE (PALLAMANA AERODROME),0.301018502
02-11-2024,MURRAY BRIDGE (PALLAMANA AERODROME),0.308745524
03-11-2024,MURRAY BRIDGE (PALLAMANA AERODROME),0.303591884
04-11-2024,MURRAY BRIDGE (PALLAMANA AERODROME),0.233076264
05-11-2024,MURRAY BRIDGE (PALLAMANA AERODROME),0.113425663
06-11-2024,MURRAY BRIDGE (PALLAMANA AERODROME),0.130766219
08-10-2024,NARACOORTE AERODROME,0.148547447
09-10-2024,NARACOORTE AERODROME,0.149361002
10-10-2024,NARACOORTE AERODROME,0.153224932
11-10-2024,NARACOORTE AERODROME,0.216678716
12-10-2024,NARACOORTE AERODROME,0.327638366
13-10-2024,NARACOORTE AERODROME,0.341696791
14-10-2024,NARACOORTE AERODROME,0.182891644
15-10-2024,NARACOORTE AERODROME,0.186464576
16-10-2024,NARACOORTE AERODROME,0.178882765
17-10-2024,NARACOORTE AERODROME,0.182002296
18-10-2024,NARACOORTE AERODROME,0.163023851
19-10-2024,NARACOORTE AERODROME,0.158780467
20-10-2024,NARACOORTE AERODROME,0.185841618
21-10-2024,NARACOORTE AERODROME,0.158018696
22-10-2024,NARACOORTE AERODROME,0.16327229
23-10-2024,NARACOORTE AERODROME,0.169018321
24-10-2024,NARACOORTE AERODROME,0.177788894
25-10-2024,NARACOORTE AERODROME,0.158862022
26-10-2024,NARACOORTE AERODROME,0.147929228
27-10-2024,NARACOORTE AERODROME,0.151976769
28-10-2024,NARACOORTE AERODROME,0.190392184
29-10-2024,NARACOORTE AERODROME,0.176446799
30-10-2024,NARACOORTE AERODROME,0.159211501
31-10-2024,NARACOORTE AERODROME,0.181359191
01-11-2024,NARACOORTE AERODROME,0.311954602
02-11-2024,NARACOORTE AERODROME,0.317826819
03-11-2024,NARACOORTE AERODROME,0.305939589
04-11-2024,NARACOORTE AERODROME,0.243426033
05-11-2024,NARACOORTE AERODROME,0.113017382
06-11-2024,NARACOORTE AERODROME,0.130766219
08-10-2024,NEPTUNE ISLAND,0.165109767
09-10-2024,NEPTUNE ISLAND,0.143814323
10-10-2024,NEPTUNE ISLAND,0.156871875
11-10-2024,NEPTUNE ISLAND,0.192197952
12-10-2024,NEPTUNE ISLAND,0.217919671
13-10-2024,NEPTUNE ISLAND,0.311364014
14-10-2024,NEPTUNE ISLAND,0.175577944
15-10-2024,NEPTUNE ISLAND,0.185803771
16-10-2024,NEPTUNE ISLAND,0.164414428
17-10-2024,NEPTUNE ISLAND,0.195995263
18-10-2024,NEPTUNE ISLAND,0.14029988
19-10-2024,NEPTUNE ISLAND,0.141821432
20-10-2024,NEPTUNE ISLAND,0.159755291
21-10-2024,NEPTUNE ISLAND,0.157148138
22-10-2024,NEPTUNE ISLAND,0.160214409
23-10-2024,NEPTUNE ISLAND,0.154741567
24-10-2024,NEPTUNE ISLAND,0.179942294
25-10-2024,NEPTUNE ISLAND,0.172488464
26-10-2024,NEPTUNE ISLAND,0.163527113
27-10-2024,NEPTUNE ISLAND,0.125464579
28-10-2024,NEPTUNE ISLAND,0.183048295
29-10-2024,NEPTUNE ISLAND,0.156907809
30-10-2024,NEPTUNE ISLAND,0.170482366
31-10-2024,NEPTUNE ISLAND,0.200004408
01-11-2024,NEPTUNE ISLAND,0.323938666
02-11-2024,NEPTUNE ISLAND,0.302463227
03-11-2024,NEPTUNE ISLAND,0.30287394
04-11-2024,NEPTUNE ISLAND,0.277783197
05-11-2024,NEPTUNE ISLAND,0.111367603
06-11-2024,NEPTUNE ISLAND,0.105331611
08-10-2024,NOARLUNGA,0.135831279
09-10-2024,NOARLUNGA,0.119650906
10-10-2024,NOARLUNGA,0.119023227
11-10-2024,NOARLUNGA,0.189128109
12-10-2024,NOARLUNGA,0.20910272
13-10-2024,NOARLUNGA,0.25791997
14-10-2024,NOARLUNGA,0.15600261
15-10-2024,NOARLUNGA,0.157104568
16-10-2024,NOARLUNGA,0.149632244
17-10-2024,NOARLUNGA,0.167611707
18-10-2024,NOARLUNGA,0.158640095
19-10-2024,NOARLUNGA,0.160900777
20-10-2024,NOARLUNGA,0.153733713
21-10-2024,NOARLUNGA,0.149438556
22-10-2024,NOARLUNGA,0.14925526
23-10-2024,NOARLUNGA,0.144206571
24-10-2024,NOARLUNGA,0.16682589
25-10-2024,NOARLUNGA,0.14181116
26-10-2024,NOARLUNGA,0.125769541
27-10-2024,NOARLUNGA,0.120943303
28-10-2024,NOARLUNGA,0.151760705
29-10-2024,NOARLUNGA,0.159674147
30-10-2024,NOARLUNGA,0.137732765
31-10-2024,NOARLUNGA,0.161925239
01-11-2024,NOARLUNGA,0.243991818
02-11-2024,NOARLUNGA,0.234824779
03-11-2024,NOARLUNGA,0.235619877
04-11-2024,NOARLUNGA,0.244501056
05-11-2024,NOARLUNGA,0.106637145
06-11-2024,NOARLUNGA,0.10671898
08-10-2024,NORTH SHIELDS (PORT LINCOLN),0.146438874
09-10-2024,NORTH SHIELDS (PORT LINCOLN),0.133591658
10-10-2024,NORTH SHIELDS (PORT LINCOLN),0.12508538
11-10-2024,NORTH SHIELDS (PORT LINCOLN),0.191152201
12-10-2024,NORTH SHIELDS (PORT LINCOLN),0.209741548
13-10-2024,NORTH SHIELDS (PORT LINCOLN),0.269207418
14-10-2024,NORTH SHIELDS (PORT LINCOLN),0.178146136
15-10-2024,NORTH SHIELDS (PORT LINCOLN),0.178146136
16-10-2024,NORTH SHIELDS (PORT LINCOLN),0.152254093
17-10-2024,NORTH SHIELDS (PORT LINCOLN),0.153363795
18-10-2024,NORTH SHIELDS (PORT LINCOLN),0.157959466
19-10-2024,NORTH SHIELDS (PORT LINCOLN),0.164177904
20-10-2024,NORTH SHIELDS (PORT LINCOLN),0.164292322
21-10-2024,NORTH SHIELDS (PORT LINCOLN),0.154665557
22-10-2024,NORTH SHIELDS (PORT LINCOLN),0.153380303
23-10-2024,NORTH SHIELDS (PORT LINCOLN),0.149030819
24-10-2024,NORTH SHIELDS (PORT LINCOLN),0.166891108
25-10-2024,NORTH SHIELDS (PORT LINCOLN),0.14181116
26-10-2024,NORTH SHIELDS (PORT LINCOLN),0.125769541
27-10-2024,NORTH SHIELDS (PORT LINCOLN),0.120943303
28-10-2024,NORTH SHIELDS (PORT LINCOLN),0.157543046
29-10-2024,NORTH SHIELDS (PORT LINCOLN),0.155174553
30-10-2024,NORTH SHIELDS (PORT LINCOLN),0.138384784
31-10-2024,NORTH SHIELDS (PORT LINCOLN),0.16821658
01-11-2024,NORTH SHIELDS (PORT LINCOLN),0.249376579
02-11-2024,NORTH SHIELDS (PORT LINCOLN),0.22123753
03-11-2024,NORTH SHIELDS (PORT LINCOLN),0.243864279
04-11-2024,NORTH SHIELDS (PORT LINCOLN),0.24567126
05-11-2024,NORTH SHIELDS (PORT LINCOLN),0.115556108
06-11-2024,NORTH SHIELDS (PORT LINCOLN),0.107385028
08-10-2024,NULLARBOR,0.1443476
09-10-2024,NULLARBOR,0.122180917
10-10-2024,NULLARBOR,0.122005857
11-10-2024,NULLARBOR,0.18620598
12-10-2024,NULLARBOR,0.207850291
13-10-2024,NULLARBOR,0.258387474
14-10-2024,NULLARBOR,0.165885317
15-10-2024,NULLARBOR,0.166440096
16-10-2024,NULLARBOR,0.139140962
17-10-2024,NULLARBOR,0.130832555
18-10-2024,NULLARBOR,0.132059298
19-10-2024,NULLARBOR,0.139754375
20-10-2024,NULLARBOR,0.143694778
21-10-2024,NULLARBOR,0.135585771
22-10-2024,NULLARBOR,0.130006069
23-10-2024,NULLARBOR,0.13001625
24-10-2024,NULLARBOR,0.156814135
25-10-2024,NULLARBOR,0.118284587
26-10-2024,NULLARBOR,0.11154997
27-10-2024,NULLARBOR,0.10604172
28-10-2024,NULLARBOR,0.152059071
29-10-2024,NULLARBOR,0.153691457
30-10-2024,NULLARBOR,0.147055734
31-10-2024,NULLARBOR,0.145780828
01-11-2024,NULLARBOR,0.267072731
02-11-2024,NULLARBOR,0.237753488
03-11-2024,NULLARBOR,0.246439959
04-11-2024,NULLARBOR,0.260334365
05-11-2024,NULLARBOR,0.117753747
06-11-2024,NULLARBOR,0.107603766
08-10-2024,NURIOOTPA PIRSA,0.145566997
09-10-2024,NURIOOTPA PIRSA,0.122180917
10-10-2024,NURIOOTPA PIRSA,0.122005857
11-10-2024,NURIOOTPA PIRSA,0.189320767
12-10-2024,NURIOOTPA PIRSA,0.21032678
13-10-2024,NURIOOTPA PIRSA,0.260863964
14-10-2024,NURIOOTPA PIRSA,0.168361806
15-10-2024,NURIOOTPA PIRSA,0.174601516
16-10-2024,NURIOOTPA PIRSA,0.139140962
17-10-2024,NURIOOTPA PIRSA,0.13316139
18-10-2024,NURIOOTPA PIRSA,0.13199408
19-10-2024,NURIOOTPA PIRSA,0.138504375
20-10-2024,NURIOOTPA PIRSA,0.141414864
21-10-2024,NURIOOTPA PIRSA,0.141270703
22-10-2024,NURIOOTPA PIRSA,0.127919994
23-10-2024,NURIOOTPA PIRSA,0.127671118
24-10-2024,NURIOOTPA PIRSA,0.150522794
25-10-2024,NURIOOTPA PIRSA,0.117176845
26-10-2024,NURIOOTPA PIRSA,0.110852294
27-10-2024,NURIOOTPA PIRSA,0.105976502
28-10-2024,NURIOOTPA PIRSA,0.147930771
29-10-2024,NURIOOTPA PIRSA,0.147400115
30-10-2024,NURIOOTPA PIRSA,0.141604796
31-10-2024,NURIOOTPA PIRSA,0.136882113
01-11-2024,NURIOOTPA PIRSA,0.258388757
02-11-2024,NURIOOTPA PIRSA,0.226786947
03-11-2024,NURIOOTPA PIRSA,0.226150108
04-11-2024,NURIOOTPA PIRSA,0.242419721
05-11-2024,NURIOOTPA PIRSA,0.115556108
06-11-2024,NURIOOTPA PIRSA,0.107385028
08-10-2024,OODNADATTA AIRPORT,0.136593426
09-10-2024,OODNADATTA AIRPORT,0.108380708
10-10-2024,OODNADATTA AIRPORT,0.13966252
11-10-2024,OODNADATTA AIRPORT,0.174125803
12-10-2024,OODNADATTA AIRPORT,0.164423377
13-10-2024,OODNADATTA AIRPORT,0.181810224
14-10-2024,OODNADATTA AIRPORT,0.154452456
15-10-2024,OODNADATTA AIRPORT,0.154452456
16-10-2024,OODNADATTA AIRPORT,0.121498021
17-10-2024,OODNADATTA AIRPORT,0.138722492
18-10-2024,OODNADATTA AIRPORT,0.101137601
19-10-2024,OODNADATTA AIRPORT,0.101137601
20-10-2024,OODNADATTA AIRPORT,0.120090811
21-10-2024,OODNADATTA AIRPORT,0.124861816
22-10-2024,OODNADATTA AIRPORT,0.126869034
23-10-2024,OODNADATTA AIRPORT,0.115414535
24-10-2024,OODNADATTA AIRPORT,0.107193557
25-10-2024,OODNADATTA AIRPORT,0.085995387
26-10-2024,OODNADATTA AIRPORT,0.079974786
27-10-2024,OODNADATTA AIRPORT,0.080470193
28-10-2024,OODNADATTA AIRPORT,0.117012611
29-10-2024,OODNADATTA AIRPORT,0.109432116
30-10-2024,OODNADATTA AIRPORT,0.092256654
31-10-2024,OODNADATTA AIRPORT,0.100988317
01-11-2024,OODNADATTA AIRPORT,0.227745848
02-11-2024,OODNADATTA AIRPORT,0.233483299
03-11-2024,OODNADATTA AIRPORT,0.231631342
04-11-2024,OODNADATTA AIRPORT,0.25489269
05-11-2024,OODNADATTA AIRPORT,0.083737821
06-11-2024,OODNADATTA AIRPORT,0.079256449
08-10-2024,PADTHAWAY SOUTH,0.164357607
09-10-2024,PADTHAWAY SOUTH,0.161182146
10-10-2024,PADTHAWAY SOUTH,0.153577145
11-10-2024,PADTHAWAY SOUTH,0.228199982
12-10-2024,PADTHAWAY SOUTH,0.343617635
13-10-2024,PADTHAWAY SOUTH,0.353354026
14-10-2024,PADTHAWAY SOUTH,0.191844173
15-10-2024,PADTHAWAY SOUTH,0.19399311
16-10-2024,PADTHAWAY SOUTH,0.174215697
17-10-2024,PADTHAWAY SOUTH,0.170522823
18-10-2024,PADTHAWAY SOUTH,0.158861206
19-10-2024,PADTHAWAY SOUTH,0.155806229
20-10-2024,PADTHAWAY SOUTH,0.170525107
21-10-2024,PADTHAWAY SOUTH,0.159025651
22-10-2024,PADTHAWAY SOUTH,0.155954546
23-10-2024,PADTHAWAY SOUTH,0.15983867
24-10-2024,PADTHAWAY SOUTH,0.174476697
25-10-2024,PADTHAWAY SOUTH,0.144505424
26-10-2024,PADTHAWAY SOUTH,0.13677409
27-10-2024,PADTHAWAY SOUTH,0.134352792
28-10-2024,PADTHAWAY SOUTH,0.184217046
29-10-2024,PADTHAWAY SOUTH,0.186418905
30-10-2024,PADTHAWAY SOUTH,0.185672211
31-10-2024,PADTHAWAY SOUTH,0.197730572
01-11-2024,PADTHAWAY SOUTH,0.278555966
02-11-2024,PADTHAWAY SOUTH,0.268304518
03-11-2024,PADTHAWAY SOUTH,0.287773759
04-11-2024,PADTHAWAY SOUTH,0.220368512
05-11-2024,PADTHAWAY SOUTH,0.102044827
06-11-2024,PADTHAWAY SOUTH,0.101230316
08-10-2024,PARAFIELD AIRPORT,0.138078022
09-10-2024,PARAFIELD AIRPORT,0.119220319
10-10-2024,PARAFIELD AIRPORT,0.127690788
11-10-2024,PARAFIELD AIRPORT,0.190433315
12-10-2024,PARAFIELD AIRPORT,0.273311004
13-10-2024,PARAFIELD AIRPORT,0.239739128
14-10-2024,PARAFIELD AIRPORT,0.156124104
15-10-2024,PARAFIELD AIRPORT,0.155543985
16-10-2024,PARAFIELD AIRPORT,0.139183054
17-10-2024,PARAFIELD AIRPORT,0.137475411
18-10-2024,PARAFIELD AIRPORT,0.120078846
19-10-2024,PARAFIELD AIRPORT,0.123422652
20-10-2024,PARAFIELD AIRPORT,0.146102584
21-10-2024,PARAFIELD AIRPORT,0.126106224
22-10-2024,PARAFIELD AIRPORT,0.122264301
23-10-2024,PARAFIELD AIRPORT,0.121379604
24-10-2024,PARAFIELD AIRPORT,0.132487513
25-10-2024,PARAFIELD AIRPORT,0.108605417
26-10-2024,PARAFIELD AIRPORT,0.102280866
27-10-2024,PARAFIELD AIRPORT,0.097405074
28-10-2024,PARAFIELD AIRPORT,0.130102523
29-10-2024,PARAFIELD AIRPORT,0.128695369
30-10-2024,PARAFIELD AIRPORT,0.131388954
31-10-2024,PARAFIELD AIRPORT,0.140936243
01-11-2024,PARAFIELD AIRPORT,0.229661577
02-11-2024,PARAFIELD AIRPORT,0.214935143
03-11-2024,PARAFIELD AIRPORT,0.215450381
04-11-2024,PARAFIELD AIRPORT,0.23983771
05-11-2024,PARAFIELD AIRPORT,0.093722133
06-11-2024,PARAFIELD AIRPORT,0.085893664
08-10-2024,PARAWA (SECOND VALLEY FOREST),0.188076573
09-10-2024,PARAWA (SECOND VALLEY FOREST),0.170568737
10-10-2024,PARAWA (SECOND VALLEY FOREST),0.185699386
11-10-2024,PARAWA (SECOND VALLEY FOREST),0.274305492
12-10-2024,PARAWA (SECOND VALLEY FOREST),0.411994905
13-10-2024,PARAWA (SECOND VALLEY FOREST),0.427453397
14-10-2024,PARAWA (SECOND VALLEY FOREST),0.253287474
15-10-2024,PARAWA (SECOND VALLEY FOREST),0.249355834
16-10-2024,PARAWA (SECOND VALLEY FOREST),0.229871405
17-10-2024,PARAWA (SECOND VALLEY FOREST),0.19348898
18-10-2024,PARAWA (SECOND VALLEY FOREST),0.1809051
19-10-2024,PARAWA (SECOND VALLEY FOREST),0.1657285
20-10-2024,PARAWA (SECOND VALLEY FOREST),0.221985714
21-10-2024,PARAWA (SECOND VALLEY FOREST),0.192936113
22-10-2024,PARAWA (SECOND VALLEY FOREST),0.184614171
23-10-2024,PARAWA (SECOND VALLEY FOREST),0.20079207
24-10-2024,PARAWA (SECOND VALLEY FOREST),0.208649551
25-10-2024,PARAWA (SECOND VALLEY FOREST),0.180221228
26-10-2024,PARAWA (SECOND VALLEY FOREST),0.166185953
27-10-2024,PARAWA (SECOND VALLEY FOREST),0.161127561
28-10-2024,PARAWA (SECOND VALLEY FOREST),0.197864199
29-10-2024,PARAWA (SECOND VALLEY FOREST),0.223923229
30-10-2024,PARAWA (SECOND VALLEY FOREST),0.211336107
31-10-2024,PARAWA (SECOND VALLEY FOREST),0.192832489
01-11-2024,PARAWA (SECOND VALLEY FOREST),0.267267899
02-11-2024,PARAWA (SECOND VALLEY FOREST),0.29751536
03-11-2024,PARAWA (SECOND VALLEY FOREST),0.264211146
04-11-2024,PARAWA (SECOND VALLEY FOREST),0.244471535
05-11-2024,PARAWA (SECOND VALLEY FOREST),0.122097806
06-11-2024,PARAWA (SECOND VALLEY FOREST),0.120207764
08-10-2024,PARNDANA CFS,0.185861807
09-10-2024,PARNDANA CFS,0.170568737
10-10-2024,PARNDANA CFS,0.179571734
11-10-2024,PARNDANA CFS,0.266907533
12-10-2024,PARNDANA CFS,0.399895513
13-10-2024,PARNDANA CFS,0.41589284
14-10-2024,PARNDANA CFS,0.253287474
15-10-2024,PARNDANA CFS,0.249355834
16-10-2024,PARNDANA CFS,0.229871405
17-10-2024,PARNDANA CFS,0.185867937
18-10-2024,PARNDANA CFS,0.1809051
19-10-2024,PARNDANA CFS,0.1657285
20-10-2024,PARNDANA CFS,0.221985714
21-10-2024,PARNDANA CFS,0.191686113
22-10-2024,PARNDANA CFS,0.180076693
23-10-2024,PARNDANA CFS,0.200720125
24-10-2024,PARNDANA CFS,0.208649551
25-10-2024,PARNDANA CFS,0.180221228
26-10-2024,PARNDANA CFS,0.166185953
27-10-2024,PARNDANA CFS,0.161127561
28-10-2024,PARNDANA CFS,0.209994757
29-10-2024,PARNDANA CFS,0.209656927
30-10-2024,PARNDANA CFS,0.182380072
31-10-2024,PARNDANA CFS,0.171601158
01-11-2024,PARNDANA CFS,0.231195378
02-11-2024,PARNDANA CFS,0.241607508
03-11-2024,PARNDANA CFS,0.244599235
04-11-2024,PARNDANA CFS,0.24396631
05-11-2024,PARNDANA CFS,0.114512912
06-11-2024,PARNDANA CFS,0.107385028
08-10-2024,PORT AUGUSTA AERO,0.107388683
09-10-2024,PORT AUGUSTA AERO,0.080449134
10-10-2024,PORT AUGUSTA AERO,0.099979754
11-10-2024,PORT AUGUSTA AERO,0.14085079
12-10-2024,PORT AUGUSTA AERO,0.237898858
13-10-2024,PORT AUGUSTA AERO,0.208545416
14-10-2024,PORT AUGUSTA AERO,0.126277337
15-10-2024,PORT AUGUSTA AERO,0.119022324
16-10-2024,PORT AUGUSTA AERO,0.095634133
17-10-2024,PORT AUGUSTA AERO,0.105733441
18-10-2024,PORT AUGUSTA AERO,0.081725995
19-10-2024,PORT AUGUSTA AERO,0.092449284
20-10-2024,PORT AUGUSTA AERO,0.096303123
21-10-2024,PORT AUGUSTA AERO,0.101928403
22-10-2024,PORT AUGUSTA AERO,0.0949821
23-10-2024,PORT AUGUSTA AERO,0.09182022
24-10-2024,PORT AUGUSTA AERO,0.105490154
25-10-2024,PORT AUGUSTA AERO,0.072970708
26-10-2024,PORT AUGUSTA AERO,0.070500412
27-10-2024,PORT AUGUSTA AERO,0.072966753
28-10-2024,PORT AUGUSTA AERO,0.107024966
29-10-2024,PORT AUGUSTA AERO,0.107102849
30-10-2024,PORT AUGUSTA AERO,0.0857317
31-10-2024,PORT AUGUSTA AERO,0.109795934
01-11-2024,PORT AUGUSTA AERO,0.228259891
02-11-2024,PORT AUGUSTA AERO,0.188824649
03-11-2024,PORT AUGUSTA AERO,0.209921068
04-11-2024,PORT AUGUSTA AERO,0.232610102
05-11-2024,PORT AUGUSTA AERO,0.089194042
06-11-2024,PORT AUGUSTA AERO,0.075544222
08-10-2024,RENMARK AERO,0.105147511
09-10-2024,RENMARK AERO,0.08257251
10-10-2024,RENMARK AERO,0.095006309
11-10-2024,RENMARK AERO,0.153124981
12-10-2024,RENMARK AERO,0.240392119
13-10-2024,RENMARK AERO,0.211692067
14-10-2024,RENMARK AERO,0.125335461
15-10-2024,RENMARK AERO,0.126946541
16-10-2024,RENMARK AERO,0.09908624
17-10-2024,RENMARK AERO,0.108049043
18-10-2024,RENMARK AERO,0.083676643
19-10-2024,RENMARK AERO,0.092791841
20-10-2024,RENMARK AERO,0.093885071
21-10-2024,RENMARK AERO,0.100989226
22-10-2024,RENMARK AERO,0.09567989
23-10-2024,RENMARK AERO,0.100943064
24-10-2024,RENMARK AERO,0.105681649
25-10-2024,RENMARK AERO,0.076592592
26-10-2024,RENMARK AERO,0.074754754
27-10-2024,RENMARK AERO,0.073345145
28-10-2024,RENMARK AERO,0.111853455
29-10-2024,RENMARK AERO,0.110088807
30-10-2024,RENMARK AERO,0.089652323
31-10-2024,RENMARK AERO,0.111020837
01-11-2024,RENMARK AERO,0.225787048
02-11-2024,RENMARK AERO,0.182853327
03-11-2024,RENMARK AERO,0.189866312
04-11-2024,RENMARK AERO,0.226878646
05-11-2024,RENMARK AERO,0.089194042
06-11-2024,RENMARK AERO,0.080072313
08-10-2024,ROBE AIRFIELD,0.146567206
09-10-2024,ROBE AIRFIELD,0.136726412
10-10-2024,ROBE AIRFIELD,0.132826909
11-10-2024,ROBE AIRFIELD,0.208502117
12-10-2024,ROBE AIRFIELD,0.324973274
13-10-2024,ROBE AIRFIELD,0.320179202
14-10-2024,ROBE AIRFIELD,0.185962109
15-10-2024,ROBE AIRFIELD,0.189056619
16-10-2024,ROBE AIRFIELD,0.163811134
17-10-2024,ROBE AIRFIELD,0.150009267
18-10-2024,ROBE AIRFIELD,0.145182979
19-10-2024,ROBE AIRFIELD,0.154537487
20-10-2024,ROBE AIRFIELD,0.166021696
21-10-2024,ROBE AIRFIELD,0.15170059
22-10-2024,ROBE AIRFIELD,0.143387629
23-10-2024,ROBE AIRFIELD,0.150438078
24-10-2024,ROBE AIRFIELD,0.167607338
25-10-2024,ROBE AIRFIELD,0.130910948
26-10-2024,ROBE AIRFIELD,0.130240765
27-10-2024,ROBE AIRFIELD,0.126346422
28-10-2024,ROBE AIRFIELD,0.178745123
29-10-2024,ROBE AIRFIELD,0.152909493
30-10-2024,ROBE AIRFIELD,0.122148836
31-10-2024,ROBE AIRFIELD,0.161345391
01-11-2024,ROBE AIRFIELD,0.24510417
02-11-2024,ROBE AIRFIELD,0.218090364
03-11-2024,ROBE AIRFIELD,0.200830414
04-11-2024,ROBE AIRFIELD,0.243134007
05-11-2024,ROBE AIRFIELD,0.114623173
06-11-2024,ROBE AIRFIELD,0.104489346
08-10-2024,ROSEWORTHY,0.134746851
09-10-2024,ROSEWORTHY,0.122986631
10-10-2024,ROSEWORTHY,0.135018849
11-10-2024,ROSEWORTHY,0.202659285
12-10-2024,ROSEWORTHY,0.311580362
13-10-2024,ROSEWORTHY,0.2985775
14-10-2024,ROSEWORTHY,0.187255386
15-10-2024,ROSEWORTHY,0.186606738
16-10-2024,ROSEWORTHY,0.142149052
17-10-2024,ROSEWORTHY,0.154977805
18-10-2024,ROSEWORTHY,0.124140711
19-10-2024,ROSEWORTHY,0.129964868
20-10-2024,ROSEWORTHY,0.139114822
21-10-2024,ROSEWORTHY,0.128710327
22-10-2024,ROSEWORTHY,0.11111084
23-10-2024,ROSEWORTHY,0.113550173
24-10-2024,ROSEWORTHY,0.131243301
25-10-2024,ROSEWORTHY,0.10617375
26-10-2024,ROSEWORTHY,0.104838677
27-10-2024,ROSEWORTHY,0.102166303
28-10-2024,ROSEWORTHY,0.149742293
29-10-2024,ROSEWORTHY,0.148335139
30-10-2024,ROSEWORTHY,0.109595483
31-10-2024,ROSEWORTHY,0.131719974
01-11-2024,ROSEWORTHY,0.251687326
02-11-2024,ROSEWORTHY,0.200119318
03-11-2024,ROSEWORTHY,0.225186217
04-11-2024,ROSEWORTHY,0.2509156
05-11-2024,ROSEWORTHY,0.090817558
06-11-2024,ROSEWORTHY,0.087128894
08-10-2024,ROXBY DOWNS (OLYMPIC DAM AERODROME),0.076053706
09-10-2024,ROXBY DOWNS (OLYMPIC DAM AERODROME),0.05840349
10-10-2024,ROXBY DOWNS (OLYMPIC DAM AERODROME),0.068236766
11-10-2024,ROXBY DOWNS (OLYMPIC DAM AERODROME),0.105156638
12-10-2024,ROXBY DOWNS (OLYMPIC DAM AERODROME),0.209228999
13-10-2024,ROXBY DOWNS (OLYMPIC DAM AERODROME),0.16345541
14-10-2024,ROXBY DOWNS (OLYMPIC DAM AERODROME),0.096001694
15-10-2024,ROXBY DOWNS (OLYMPIC DAM AERODROME),0.096001694
16-10-2024,ROXBY DOWNS (OLYMPIC DAM AERODROME),0.064577861
17-10-2024,ROXBY DOWNS (OLYMPIC DAM AERODROME),0.07454618
18-10-2024,ROXBY DOWNS (OLYMPIC DAM AERODROME),0.077053918
19-10-2024,ROXBY DOWNS (OLYMPIC DAM AERODROME),0.070845333
20-10-2024,ROXBY DOWNS (OLYMPIC DAM AERODROME),0.071802165
21-10-2024,ROXBY DOWNS (OLYMPIC DAM AERODROME),0.073045786
22-10-2024,ROXBY DOWNS (OLYMPIC DAM AERODROME),0.075067422
23-10-2024,ROXBY DOWNS (OLYMPIC DAM AERODROME),0.063570564
24-10-2024,ROXBY DOWNS (OLYMPIC DAM AERODROME),0.06704849
25-10-2024,ROXBY DOWNS (OLYMPIC DAM AERODROME),0.054900008
26-10-2024,ROXBY DOWNS (OLYMPIC DAM AERODROME),0.054487597
27-10-2024,ROXBY DOWNS (OLYMPIC DAM AERODROME),0.055979532
28-10-2024,ROXBY DOWNS (OLYMPIC DAM AERODROME),0.077550436
29-10-2024,ROXBY DOWNS (OLYMPIC DAM AERODROME),0.077195153
30-10-2024,ROXBY DOWNS (OLYMPIC DAM AERODROME),0.067438643
31-10-2024,ROXBY DOWNS (OLYMPIC DAM AERODROME),0.07513862
01-11-2024,ROXBY DOWNS (OLYMPIC DAM AERODROME),0.209218723
02-11-2024,ROXBY DOWNS (OLYMPIC DAM AERODROME),0.182160952
03-11-2024,ROXBY DOWNS (OLYMPIC DAM AERODROME),0.190664668
04-11-2024,ROXBY DOWNS (OLYMPIC DAM AERODROME),0.201218353
05-11-2024,ROXBY DOWNS (OLYMPIC DAM AERODROME),0.070549459
06-11-2024,ROXBY DOWNS (OLYMPIC DAM AERODROME),0.066306061
08-10-2024,SNOWTOWN (RAYVILLE PARK),0.099550849
09-10-2024,SNOWTOWN (RAYVILLE PARK),0.07258139
10-10-2024,SNOWTOWN (RAYVILLE PARK),0.082687216
11-10-2024,SNOWTOWN (RAYVILLE PARK),0.12392121
12-10-2024,SNOWTOWN (RAYVILLE PARK),0.196898113
13-10-2024,SNOWTOWN (RAYVILLE PARK),0.177950656
14-10-2024,SNOWTOWN (RAYVILLE PARK),0.111567347
15-10-2024,SNOWTOWN (RAYVILLE PARK),0.112122125
16-10-2024,SNOWTOWN (RAYVILLE PARK),0.080124264
17-10-2024,SNOWTOWN (RAYVILLE PARK),0.08782155
18-10-2024,SNOWTOWN (RAYVILLE PARK),0.083543079
19-10-2024,SNOWTOWN (RAYVILLE PARK),0.099366934
20-10-2024,SNOWTOWN (RAYVILLE PARK),0.089706724
21-10-2024,SNOWTOWN (RAYVILLE PARK),0.083321786
22-10-2024,SNOWTOWN (RAYVILLE PARK),0.086026737
23-10-2024,SNOWTOWN (RAYVILLE PARK),0.073846563
24-10-2024,SNOWTOWN (RAYVILLE PARK),0.089312171
25-10-2024,SNOWTOWN (RAYVILLE PARK),0.077227029
26-10-2024,SNOWTOWN (RAYVILLE PARK),0.065278471
27-10-2024,SNOWTOWN (RAYVILLE PARK),0.063597606
28-10-2024,SNOWTOWN (RAYVILLE PARK),0.098661101
29-10-2024,SNOWTOWN (RAYVILLE PARK),0.099405977
30-10-2024,SNOWTOWN (RAYVILLE PARK),0.08966691
31-10-2024,SNOWTOWN (RAYVILLE PARK),0.087038742
01-11-2024,SNOWTOWN (RAYVILLE PARK),0.218716011
02-11-2024,SNOWTOWN (RAYVILLE PARK),0.181094572
03-11-2024,SNOWTOWN (RAYVILLE PARK),0.178900822
04-11-2024,SNOWTOWN (RAYVILLE PARK),0.204566592
05-11-2024,SNOWTOWN (RAYVILLE PARK),0.084406876
06-11-2024,SNOWTOWN (RAYVILLE PARK),0.076500058
08-10-2024,STENHOUSE BAY,0.155612596
09-10-2024,STENHOUSE BAY,0.137307905
10-10-2024,STENHOUSE BAY,0.14722816
11-10-2024,STENHOUSE BAY,0.207116038
12-10-2024,STENHOUSE BAY,0.298651674
13-10-2024,STENHOUSE BAY,0.27795532
14-10-2024,STENHOUSE BAY,0.193659971
15-10-2024,STENHOUSE BAY,0.198124257
16-10-2024,STENHOUSE BAY,0.178106993
17-10-2024,STENHOUSE BAY,0.15225075
18-10-2024,STENHOUSE BAY,0.146909426
19-10-2024,STENHOUSE BAY,0.149582564
20-10-2024,STENHOUSE BAY,0.14168009
21-10-2024,STENHOUSE BAY,0.134019704
22-10-2024,STENHOUSE BAY,0.143570319
23-10-2024,STENHOUSE BAY,0.135836774
24-10-2024,STENHOUSE BAY,0.138858053
25-10-2024,STENHOUSE BAY,0.117530324
26-10-2024,STENHOUSE BAY,0.116963033
27-10-2024,STENHOUSE BAY,0.117585754
28-10-2024,STENHOUSE BAY,0.157916922
29-10-2024,STENHOUSE BAY,0.15515878
30-10-2024,STENHOUSE BAY,0.134064786
31-10-2024,STENHOUSE BAY,0.141270441
01-11-2024,STENHOUSE BAY,0.301791035
02-11-2024,STENHOUSE BAY,0.260317302
03-11-2024,STENHOUSE BAY,0.24197371
04-11-2024,STENHOUSE BAY,0.284578401
05-11-2024,STENHOUSE BAY,0.112948767
06-11-2024,STENHOUSE BAY,0.103861507
08-10-2024,STRATHALBYN RACECOURSE,0.133156853
09-10-2024,STRATHALBYN RACECOURSE,0.123370381
10-10-2024,STRATHALBYN RACECOURSE,0.131884793
11-10-2024,STRATHALBYN RACECOURSE,0.192468617
12-10-2024,STRATHALBYN RACECOURSE,0.282587689
13-10-2024,STRATHALBYN RACECOURSE,0.260738449
14-10-2024,STRATHALBYN RACECOURSE,0.174221865
15-10-2024,STRATHALBYN RACECOURSE,0.174221865
16-10-2024,STRATHALBYN RACECOURSE,0.144344067
17-10-2024,STRATHALBYN RACECOURSE,0.157709343
18-10-2024,STRATHALBYN RACECOURSE,0.152038704
19-10-2024,STRATHALBYN RACECOURSE,0.158000972
20-10-2024,STRATHALBYN RACECOURSE,0.144482674
21-10-2024,STRATHALBYN RACECOURSE,0.155756279
22-10-2024,STRATHALBYN RACECOURSE,0.141612411
23-10-2024,STRATHALBYN RACECOURSE,0.133585266
24-10-2024,STRATHALBYN RACECOURSE,0.14334635
25-10-2024,STRATHALBYN RACECOURSE,0.123564378
26-10-2024,STRATHALBYN RACECOURSE,0.112009473
27-10-2024,STRATHALBYN RACECOURSE,0.111822301
28-10-2024,STRATHALBYN RACECOURSE,0.164405829
29-10-2024,STRATHALBYN RACECOURSE,0.16110944
30-10-2024,STRATHALBYN RACECOURSE,0.128566107
31-10-2024,STRATHALBYN RACECOURSE,0.127342663
01-11-2024,STRATHALBYN RACECOURSE,0.291791035
02-11-2024,STRATHALBYN RACECOURSE,0.260317302
03-11-2024,STRATHALBYN RACECOURSE,0.254210139
04-11-2024,STRATHALBYN RACECOURSE,0.257080798
05-11-2024,STRATHALBYN RACECOURSE,0.112948767
06-11-2024,STRATHALBYN RACECOURSE,0.103861507
08-10-2024,TARCOOLA AERO,0.060011539
09-10-2024,TARCOOLA AERO,0.051365733
10-10-2024,TARCOOLA AERO,0.049359189
11-10-2024,TARCOOLA AERO,0.07271037
12-10-2024,TARCOOLA AERO,0.073107499
13-10-2024,TARCOOLA AERO,0.071787936
14-10-2024,TARCOOLA AERO,0.064950145
15-10-2024,TARCOOLA AERO,0.064537928
16-10-2024,TARCOOLA AERO,0.054944198
17-10-2024,TARCOOLA AERO,0.043800176
18-10-2024,TARCOOLA AERO,0.044183657
19-10-2024,TARCOOLA AERO,0.047785207
20-10-2024,TARCOOLA AERO,0.058738312
21-10-2024,TARCOOLA AERO,0.055349704
22-10-2024,TARCOOLA AERO,0.066121344
23-10-2024,TARCOOLA AERO,0.060709196
24-10-2024,TARCOOLA AERO,0.071080974
25-10-2024,TARCOOLA AERO,0.053904448
26-10-2024,TARCOOLA AERO,0.05259438
27-10-2024,TARCOOLA AERO,0.035135494
28-10-2024,TARCOOLA AERO,0.077398968
29-10-2024,TARCOOLA AERO,0.074491255
30-10-2024,TARCOOLA AERO,0.064677901
31-10-2024,TARCOOLA AERO,0.066685008
01-11-2024,TARCOOLA AERO,0.225219597
02-11-2024,TARCOOLA AERO,0.189065824
03-11-2024,TARCOOLA AERO,0.173341399
04-11-2024,TARCOOLA AERO,0.223907622
05-11-2024,TARCOOLA AERO,0.049535021
06-11-2024,TARCOOLA AERO,0.039446139
08-10-2024,WHYALLA AERO,0.098690205
09-10-2024,WHYALLA AERO,0.083656584
10-10-2024,WHYALLA AERO,0.086537381
11-10-2024,WHYALLA AERO,0.122435873
12-10-2024,WHYALLA AERO,0.122273108
13-10-2024,WHYALLA AERO,0.130113332
14-10-2024,WHYALLA AERO,0.106583427
15-10-2024,WHYALLA AERO,0.111011124
16-10-2024,WHYALLA AERO,0.109433612
17-10-2024,WHYALLA AERO,0.081639527
18-10-2024,WHYALLA AERO,0.091585462
19-10-2024,WHYALLA AERO,0.100368377
20-10-2024,WHYALLA AERO,0.096454769
21-10-2024,WHYALLA AERO,0.103074338
22-10-2024,WHYALLA AERO,0.103302366
23-10-2024,WHYALLA AERO,0.097771026
24-10-2024,WHYALLA AERO,0.09942514
25-10-2024,WHYALLA AERO,0.083827258
26-10-2024,WHYALLA AERO,0.079679645
27-10-2024,WHYALLA AERO,0.080212815
28-10-2024,WHYALLA AERO,0.113301642
29-10-2024,WHYALLA AERO,0.107749756
30-10-2024,WHYALLA AERO,0.097214619
31-10-2024,WHYALLA AERO,0.09388086
01-11-2024,WHYALLA AERO,0.21957789
02-11-2024,WHYALLA AERO,0.172179375
03-11-2024,WHYALLA AERO,0.173483482
04-11-2024,WHYALLA AERO,0.199285957
05-11-2024,WHYALLA AERO,0.079413023
06-11-2024,WHYALLA AERO,0.069180005
08-10-2024,WOOMERA AERODROME,0.05865978
09-10-2024,WOOMERA AERODROME,0.04868655
10-10-2024,WOOMERA AERODROME,0.046491819
11-10-2024,WOOMERA AERODROME,0.071337965
12-10-2024,WOOMERA AERODROME,0.071467237
13-10-2024,WOOMERA AERODROME,0.071376477
14-10-2024,WOOMERA AERODROME,0.064445363
15-10-2024,WOOMERA AERODROME,0.064460493
16-10-2024,WOOMERA AERODROME,0.055222573
17-10-2024,WOOMERA AERODROME,0.047580992
18-10-2024,WOOMERA AERODROME,0.048210971
19-10-2024,WOOMERA AERODROME,0.053116193
20-10-2024,WOOMERA AERODROME,0.056058639
21-10-2024,WOOMERA AERODROME,0.056541468
22-10-2024,WOOMERA AERODROME,0.063441935
23-10-2024,WOOMERA AERODROME,0.053747861
24-10-2024,WOOMERA AERODROME,0.056233634
25-10-2024,WOOMERA AERODROME,0.041741494
26-10-2024,WOOMERA AERODROME,0.041851455
27-10-2024,WOOMERA AERODROME,0.040305131
28-10-2024,WOOMERA AERODROME,0.065479368
29-10-2024,WOOMERA AERODROME,0.065367698
30-10-2024,WOOMERA AERODROME,0.054814505
31-10-2024,WOOMERA AERODROME,0.055095963
01-11-2024,WOOMERA AERODROME,0.213697533
02-11-2024,WOOMERA AERODROME,0.188386516
03-11-2024,WOOMERA AERODROME,0.17111764
04-11-2024,WOOMERA AERODROME,0.20504951
05-11-2024,WOOMERA AERODROME,0.052764012
06-11-2024,WOOMERA AERODROME,0.044664053
08-10-2024,WUDINNA AERO,0.067821938
09-10-2024,WUDINNA AERO,0.059773813
10-10-2024,WUDINNA AERO,0.058660701
11-10-2024,WUDINNA AERO,0.086348272
12-10-2024,WUDINNA AERO,0.077204303
13-10-2024,WUDINNA AERO,0.091400402
14-10-2024,WUDINNA AERO,0.073615886
15-10-2024,WUDINNA AERO,0.071386266
16-10-2024,WUDINNA AERO,0.061976876
17-10-2024,WUDINNA AERO,0.056351321
18-10-2024,WUDINNA AERO,0.05718268
19-10-2024,WUDINNA AERO,0.062119491
20-10-2024,WUDINNA AERO,0.063361597
21-10-2024,WUDINNA AERO,0.07186791
22-10-2024,WUDINNA AERO,0.071063259
23-10-2024,WUDINNA AERO,0.06345632
24-10-2024,WUDINNA AERO,0.063893748
25-10-2024,WUDINNA AERO,0.048153947
26-10-2024,WUDINNA AERO,0.049427291
27-10-2024,WUDINNA AERO,0.043673123
28-10-2024,WUDINNA AERO,0.067182994
29-10-2024,WUDINNA AERO,0.071005252
30-10-2024,WUDINNA AERO,0.060258117
31-10-2024,WUDINNA AERO,0.062261686
01-11-2024,WUDINNA AERO,0.203481914
02-11-2024,WUDINNA AERO,0.170997327
03-11-2024,WUDINNA AERO,0.165572543
04-11-2024,WUDINNA AERO,0.198023255
05-11-2024,WUDINNA AERO,0.066673085
06-11-2024,WUDINNA AERO,0.05137763
08-10-2024,YUNTA AIRSTRIP,0.057540554
09-10-2024,YUNTA AIRSTRIP,0.048486388
10-10-2024,YUNTA AIRSTRIP,0.046881334
11-10-2024,YUNTA AIRSTRIP,0.070478713
12-10-2024,YUNTA AIRSTRIP,0.067783408
13-10-2024,YUNTA AIRSTRIP,0.070776971
14-10-2024,YUNTA AIRSTRIP,0.063735123
15-10-2024,YUNTA AIRSTRIP,0.064306517
16-10-2024,YUNTA AIRSTRIP,0.055590112
17-10-2024,YUNTA AIRSTRIP,0.050919282
18-10-2024,YUNTA AIRSTRIP,0.071899349
19-10-2024,YUNTA AIRSTRIP,0.052685139
20-10-2024,YUNTA AIRSTRIP,0.055775763
21-10-2024,YUNTA AIRSTRIP,0.062579995
22-10-2024,YUNTA AIRSTRIP,0.063696402
23-10-2024,YUNTA AIRSTRIP,0.053580381
24-10-2024,YUNTA AIRSTRIP,0.055629517
25-10-2024,YUNTA AIRSTRIP,0.041607383
26-10-2024,YUNTA AIRSTRIP,0.040373744
27-10-2024,YUNTA AIRSTRIP,0.040989312
28-10-2024,YUNTA AIRSTRIP,0.064736674
29-10-2024,YUNTA AIRSTRIP,0.065407249
30-10-2024,YUNTA AIRSTRIP,0.054420113
31-10-2024,YUNTA AIRSTRIP,0.055763675
01-11-2024,YUNTA AIRSTRIP,0.19024786
02-11-2024,YUNTA AIRSTRIP,0.15664784
03-11-2024,YUNTA AIRSTRIP,0.154913795
04-11-2024,YUNTA AIRSTRIP,0.191846806
05-11-2024,YUNTA AIRSTRIP,0.052621785
06-11-2024,YUNTA AIRSTRIP,0.044824941
